-- Generated by Craft v2.6.2983 on Aug 5, 2017, 3:03:54 AM.

--
-- Disable foreign key checks and autocommit.
--

SET FOREIGN_KEY_CHECKS = 0;
SET SQL_MODE = "NO_AUTO_VALUE_ON_ZERO";
SET AUTOCOMMIT = 0;
SET NAMES utf8;


DROP TABLE IF EXISTS `craft_assetfiles`;


--
-- Schema for table `craft_assetfiles`
--
CREATE TABLE `craft_assetfiles` (
  `id` int(11) NOT NULL,
  `sourceId` int(11) DEFAULT NULL,
  `folderId` int(11) NOT NULL,
  `filename` varchar(255) COLLATE utf8_unicode_ci NOT NULL,
  `kind` varchar(50) COLLATE utf8_unicode_ci NOT NULL DEFAULT 'unknown',
  `width` int(11) unsigned DEFAULT NULL,
  `height` int(11) unsigned DEFAULT NULL,
  `size` bigint(20) unsigned DEFAULT NULL,
  `dateModified` datetime DEFAULT NULL,
  `dateCreated` datetime NOT NULL,
  `dateUpdated` datetime NOT NULL,
  `uid` char(36) COLLATE utf8_unicode_ci NOT NULL DEFAULT '0',
  PRIMARY KEY (`id`),
  UNIQUE KEY `craft_assetfiles_filename_folderId_unq_idx` (`filename`,`folderId`),
  KEY `craft_assetfiles_sourceId_fk` (`sourceId`),
  KEY `craft_assetfiles_folderId_fk` (`folderId`)
) ENGINE=InnoDB DEFAULT CHARSET=utf8 COLLATE=utf8_unicode_ci;

--
-- Data for table `craft_assetfiles`
--

INSERT INTO `craft_assetfiles` (`id`, `sourceId`, `folderId`, `filename`, `kind`, `width`, `height`, `size`, `dateModified`, `dateCreated`, `dateUpdated`, `uid`) VALUES
 ('25', '2', '2', 'first_slide.jpg', 'image', '1920', '1080', '1289892', '2017-07-14 20:11:13', '2017-06-14 19:57:59', '2017-07-24 20:35:40', 'a3afd5c3-b8be-48c1-8697-caa2540b327d'),
 ('67', '4', '4', 'joe.png', 'image', '200', '200', '80257', '2017-07-24 20:38:26', '2017-07-24 18:40:32', '2017-07-24 20:38:32', 'da6d4945-6806-4fd8-88fe-1ab752158cd5'),
 ('69', '3', '3', '1Y3A7165.JPG', 'image', '5472', '3648', '6614177', '2017-07-20 20:33:20', '2017-07-24 20:35:41', '2017-07-24 20:35:41', '79829f9a-d946-4bd6-99ae-fd72e0ffdeeb'),
 ('70', '3', '3', '1Y3A7166.JPG', 'image', '5472', '3648', '5378753', '2017-07-23 04:24:39', '2017-07-24 20:35:41', '2017-07-24 20:35:42', 'f2bf63c3-9b64-4eb5-8d4d-8b4bb139c225'),
 ('71', '4', '4', 'debbie.png', 'image', '200', '200', '67185', '2017-07-24 20:38:24', '2017-07-24 20:38:24', '2017-07-24 20:38:24', 'cb2684be-6b63-4840-8af7-b995cf16bf91'),
 ('72', '4', '4', 'gwen.png', 'image', '200', '200', '160516', '2017-07-24 20:38:25', '2017-07-24 20:38:25', '2017-07-24 20:38:25', '097979e8-be98-46f2-a96c-430119b56c07'),
 ('74', '4', '4', 'ralph.png', 'image', '200', '200', '160516', '2017-07-24 20:38:27', '2017-07-24 20:38:27', '2017-07-24 20:38:27', 'd4178194-1408-4543-af6f-765d8ed7be5d'),
 ('75', '4', '4', 'ramona.png', 'image', '200', '200', '68006', '2017-07-24 20:38:28', '2017-07-24 20:38:28', '2017-07-24 20:38:28', 'd9f03c79-4ab1-4225-b446-5c0d90ba6064'),
 ('76', '4', '4', 'tammy.png', 'image', '200', '200', '79199', '2017-07-24 20:38:28', '2017-07-24 20:38:29', '2017-07-24 20:38:29', '0e37c098-67d3-4bcd-ac2c-515446951ce2'),
 ('84', '3', '3', 'quilters.JPG', 'image', '3648', '2736', '2162868', '2017-07-26 16:35:33', '2017-07-26 16:35:34', '2017-07-26 16:35:34', 'fbaffb69-268e-4279-a39e-09148a6f2f83'),
 ('85', '5', '5', 'belong-3.jpg', 'image', '788', '522', '17857', '2017-07-27 21:01:36', '2017-07-26 18:23:56', '2017-07-27 21:04:05', 'faf9b5fd-348f-4e95-877f-92e0c97f30d8'),
 ('86', '5', '5', 'belong-4.jpg', 'image', '5760', '3840', '2868061', '2017-07-26 18:23:58', '2017-07-26 18:23:59', '2017-07-26 18:23:59', '7ed1b733-40ba-4854-ba0e-779bc821aa9d'),
 ('88', '5', '5', 'belong1.jpeg', 'image', '5184', '3456', '11089934', '2017-07-26 18:24:01', '2017-07-26 18:24:02', '2017-07-26 18:24:02', 'd52ba30b-377d-43e1-b7fa-c71605deabe4'),
 ('89', '5', '5', 'bible-1.jpg', 'image', '4425', '3236', '3030003', '2017-07-26 18:24:04', '2017-07-26 18:24:05', '2017-07-26 18:24:05', 'fd5a4491-2029-48f6-ad20-311400ebb774'),
 ('90', '5', '5', 'bible.jpg', 'image', '4592', '3448', '2448168', '2017-07-26 18:24:08', '2017-07-26 18:24:08', '2017-07-26 18:24:08', 'e644fabd-5f0d-41e1-a4e9-6a4687bd036b'),
 ('91', '5', '5', 'calendar.jpg', 'image', '5760', '3840', '1266733', '2017-07-26 18:24:10', '2017-07-26 18:24:10', '2017-07-26 18:24:10', '880bf048-59d2-40ec-9935-956e470f463e'),
 ('92', '5', '5', 'children.jpeg', 'image', '1125', '750', '80561', '2017-07-26 18:24:11', '2017-07-26 18:24:11', '2017-07-26 18:24:11', 'bd55d904-f772-4698-b2ca-6d5aefd79ec1'),
 ('93', '5', '5', 'DSC_0097.JPG', 'image', '3673', '2449', '2289261', '2017-07-26 18:24:12', '2017-07-26 18:24:12', '2017-07-26 18:24:12', '80bee9d1-a217-4509-8ab5-89b72acbcfe3'),
 ('94', '5', '5', 'event.jpg', 'image', '876', '584', '43986', '2017-07-27 20:57:45', '2017-07-26 18:24:14', '2017-07-27 20:57:45', '098ac862-c2e9-4689-a503-22bf610f092d'),
 ('95', '5', '5', 'giving-church-slide.jpg', 'image', '1920', '1080', '178405', '2017-07-26 18:24:15', '2017-07-26 18:24:15', '2017-07-26 18:24:15', 'e9f02527-00e1-4234-8ed5-c1751904265e'),
 ('96', '5', '5', 'missions-1.JPG', 'image', '3648', '2048', '2097532', '2017-07-26 18:24:16', '2017-07-26 18:24:16', '2017-07-26 18:24:16', '97241149-8320-4cdc-b0cf-6c23b53a1dce'),
 ('97', '5', '5', 'missions-2.JPG', 'image', '3648', '2048', '2144530', '2017-07-26 18:24:17', '2017-07-26 18:24:17', '2017-07-26 18:24:17', 'aa3ab175-74fa-400c-81a3-bd71d8af9cb3'),
 ('98', '5', '5', 'missions3.jpeg', 'image', '450', '300', '10871', '2017-07-27 21:01:19', '2017-07-26 18:24:18', '2017-07-27 21:04:12', '532422dd-bb08-4b34-9f8d-d192c4bdeb64'),
 ('99', '5', '5', 'packing-sausage.JPG', 'image', '640', '480', '102696', '2017-07-26 18:24:18', '2017-07-26 18:24:18', '2017-07-26 18:24:18', '98f47c80-3714-42b6-bb5d-ec203c52ad97'),
 ('100', '5', '5', 'people.jpg', 'image', '3548', '1956', '247404', '2017-07-27 21:05:58', '2017-07-26 18:24:20', '2017-07-27 21:05:59', '3777b4c0-c0f6-439b-9bf0-c4152f4ced11'),
 ('101', '5', '5', 'pumpkins.jpg', 'image', '960', '717', '129920', '2017-07-26 18:24:21', '2017-07-26 18:24:21', '2017-07-26 18:24:21', 'a103d562-385f-477e-ad8d-0a3d72ba9d9e'),
 ('102', '5', '5', 'quilters.JPG', 'image', '3648', '2736', '2162868', '2017-07-26 18:24:22', '2017-07-26 18:24:22', '2017-07-26 18:24:22', 'b3cf25a8-4fd1-49e5-bcb6-65a4e1751def'),
 ('103', '5', '5', 'rainbow.jpg', 'image', '2048', '1536', '308051', '2017-08-03 16:50:48', '2017-07-26 18:24:23', '2017-08-03 16:50:53', 'ff5aa910-8642-4a29-908c-abeda2643790'),
 ('104', '5', '5', 'resurrection.jpg', 'image', '960', '720', '142995', '2017-07-26 18:24:24', '2017-07-26 18:24:24', '2017-07-26 18:24:24', 'f0e60a24-ded0-4259-87f5-19a8037dd3d2'),
 ('105', '5', '5', 'sermon.jpg', 'image', '1837', '1379', '53168', '2017-07-27 21:01:00', '2017-07-26 18:24:25', '2017-07-27 21:40:06', '031093f4-5a5e-41d2-8d30-f8635f69e936'),
 ('106', '5', '5', 'serve.jpeg', 'image', '1000', '750', '157605', '2017-07-26 18:24:26', '2017-07-26 18:24:26', '2017-07-26 18:24:26', 'd527c77d-02c7-4785-9e67-a296976172ea'),
 ('107', '5', '5', 'study.jpeg', 'image', '1125', '750', '44462', '2017-07-26 18:24:26', '2017-07-26 18:24:26', '2017-07-26 18:24:26', '9644ea3f-f21c-4d3d-8618-d4dab2cd782f'),
 ('108', '5', '5', 'study1.jpeg', 'image', '5472', '3648', '4616533', '2017-07-26 18:24:28', '2017-07-26 18:24:28', '2017-07-26 18:24:28', 'ade13edc-2e0e-4666-9523-8e5b3f8b5809'),
 ('109', '5', '5', 'study2.jpeg', 'image', '1124', '750', '41712', '2017-07-26 18:24:29', '2017-07-26 18:24:29', '2017-07-26 18:24:29', 'c809271b-a3c1-4a44-b817-d6d11834ee19'),
 ('110', '5', '5', 'teacher.JPG', 'image', '1632', '1224', '541474', '2017-07-26 18:24:29', '2017-07-26 18:24:29', '2017-07-26 18:24:29', 'fb445746-2c32-4417-b395-f89a40a64064'),
 ('111', '5', '5', 'welcome.jpeg', 'image', '5237', '3355', '4161732', '2017-07-26 18:24:30', '2017-07-26 18:24:31', '2017-07-26 18:24:31', '63f680a4-5910-4fbc-844e-d739c826a4da'),
 ('112', '2', '2', 'people.jpg', 'image', '3548', '1956', '1339640', '2017-07-26 19:23:31', '2017-07-26 19:23:31', '2017-07-26 19:23:31', '396c7a19-b895-43e9-bf8a-62a0d1c5c505'),
 ('117', '5', '5', 'Good-Good-Father.mp3', 'audio', NULL, NULL, '9508643', '2017-07-27 02:53:45', '2017-07-27 02:53:45', '2017-07-27 02:53:45', 'c2d18cfe-26e1-40e0-b6db-eb14e3eccbee'),
 ('125', '3', '3', '1Y3A7191.JPG', 'image', '5472', '3648', '4923043', '2017-07-27 17:15:55', '2017-07-27 17:15:56', '2017-07-27 17:15:56', '607ba31b-9c2e-4627-be45-e30f0b9248fc'),
 ('126', '3', '3', '1Y3A7225.JPG', 'image', '5472', '3648', '3682961', '2017-07-27 17:16:50', '2017-07-27 17:16:51', '2017-07-27 17:16:51', '29fe0c1c-2572-4418-8cfb-72debd2a13cf'),
 ('127', '3', '3', 'worship.jpg', 'image', '1200', '300', '32475', '2017-07-27 21:13:30', '2017-07-27 17:23:56', '2017-07-27 21:13:30', '44ee2014-ddd9-483a-bf10-7b1f1f007db2'),
 ('135', '3', '3', 'campshed.jpg', 'image', '1200', '500', '294472', '2017-07-27 21:17:37', '2017-07-27 21:15:18', '2017-07-27 21:17:37', 'a94bcc1a-b179-40e5-80dd-d6d360d08840'),
 ('137', '3', '3', 'children.jpeg', 'image', '1125', '750', '80561', '2017-07-28 17:48:32', '2017-07-28 17:48:32', '2017-07-28 17:48:32', '704b1616-8077-4b00-9823-27b7664e9c28'),
 ('138', '3', '3', 'children_cover.jpg', 'image', '1200', '500', '159030', '2017-07-28 17:56:46', '2017-07-28 17:56:46', '2017-07-28 17:56:46', '1a5666f4-c954-47a5-9f24-2a096e0227ed'),
 ('143', '6', '6', 'Jesus.mp3', 'audio', NULL, NULL, '7894485', '2017-08-02 02:14:09', '2017-08-02 02:14:09', '2017-08-02 02:14:09', '13cce8ea-db66-4fa9-adfd-32802734e7cd'),
 ('145', '6', '6', 'Glorious-Day.mp3', 'audio', NULL, NULL, '9692545', '2017-08-02 02:34:25', '2017-08-02 02:34:25', '2017-08-02 02:34:25', '37d53673-bf9a-41fa-9773-aba233b8573c'),
 ('146', '6', '6', 'How-Great-Is-Your-Love-Live.mp3', 'audio', NULL, NULL, '11474723', '2017-08-02 02:43:28', '2017-08-02 02:43:28', '2017-08-02 02:43:28', '197971f6-fc2e-4f6a-8e3d-9662d86548c6'),
 ('149', '5', '5', '2017-Pricing-Guide.pdf', 'pdf', NULL, NULL, '111356', '2017-08-03 15:55:17', '2017-08-03 15:55:17', '2017-08-03 15:55:17', 'e22a2fab-c5cc-4e49-b8a9-ba7d8ade61df');



DROP TABLE IF EXISTS `craft_assetfolders`;


--
-- Schema for table `craft_assetfolders`
--
CREATE TABLE `craft_assetfolders` (
  `id` int(11) NOT NULL AUTO_INCREMENT,
  `parentId` int(11) DEFAULT NULL,
  `sourceId` int(11) DEFAULT NULL,
  `name` varchar(255) COLLATE utf8_unicode_ci NOT NULL,
  `path` varchar(255) COLLATE utf8_unicode_ci DEFAULT NULL,
  `dateCreated` datetime NOT NULL,
  `dateUpdated` datetime NOT NULL,
  `uid` char(36) COLLATE utf8_unicode_ci NOT NULL DEFAULT '0',
  PRIMARY KEY (`id`),
  UNIQUE KEY `craft_assetfolders_name_parentId_sourceId_unq_idx` (`name`,`parentId`,`sourceId`),
  KEY `craft_assetfolders_parentId_fk` (`parentId`),
  KEY `craft_assetfolders_sourceId_fk` (`sourceId`)
) ENGINE=InnoDB AUTO_INCREMENT=7 DEFAULT CHARSET=utf8 COLLATE=utf8_unicode_ci;

--
-- Data for table `craft_assetfolders`
--

INSERT INTO `craft_assetfolders` (`id`, `parentId`, `sourceId`, `name`, `path`, `dateCreated`, `dateUpdated`, `uid`) VALUES
 ('2', NULL, '2', 'Slider', '', '2017-06-14 15:17:57', '2017-06-14 15:17:57', '7a95ce9c-cfc4-482b-92ae-9ac5f641b3d1'),
 ('3', NULL, '3', 'Cover Image', '', '2017-07-07 14:41:55', '2017-07-07 14:41:55', 'ccf8358f-9000-41a3-95d1-68b45c430876'),
 ('4', NULL, '4', 'Staff', '', '2017-07-24 15:19:31', '2017-07-24 15:19:31', '0c06f6bd-b1d1-4a3a-98cc-de7aaa2b0e85'),
 ('5', NULL, '5', 'Media', '', '2017-07-26 18:19:51', '2017-07-26 18:19:51', '5dd7b768-517a-4789-8098-259df5664790'),
 ('6', NULL, '6', 'Sermon Assets', '', '2017-07-27 03:04:55', '2017-08-02 02:17:33', 'c8d5736e-41dd-4eb9-9726-6e0110f0fa2f');



DROP TABLE IF EXISTS `craft_assetindexdata`;


--
-- Schema for table `craft_assetindexdata`
--
CREATE TABLE `craft_assetindexdata` (
  `id` int(11) NOT NULL AUTO_INCREMENT,
  `sessionId` varchar(36) COLLATE utf8_unicode_ci NOT NULL DEFAULT '',
  `sourceId` int(10) NOT NULL,
  `offset` int(10) NOT NULL,
  `uri` varchar(255) COLLATE utf8_unicode_ci DEFAULT NULL,
  `size` varchar(255) COLLATE utf8_unicode_ci DEFAULT NULL,
  `recordId` int(10) DEFAULT NULL,
  `dateCreated` datetime NOT NULL,
  `dateUpdated` datetime NOT NULL,
  `uid` char(36) COLLATE utf8_unicode_ci NOT NULL DEFAULT '0',
  PRIMARY KEY (`id`),
  UNIQUE KEY `craft_assetindexdata_sessionId_sourceId_offset_unq_idx` (`sessionId`,`sourceId`,`offset`),
  KEY `craft_assetindexdata_sourceId_fk` (`sourceId`)
) ENGINE=InnoDB DEFAULT CHARSET=utf8 COLLATE=utf8_unicode_ci;

DROP TABLE IF EXISTS `craft_assetsources`;


--
-- Schema for table `craft_assetsources`
--
CREATE TABLE `craft_assetsources` (
  `id` int(11) NOT NULL AUTO_INCREMENT,
  `name` varchar(255) COLLATE utf8_unicode_ci NOT NULL,
  `handle` varchar(255) COLLATE utf8_unicode_ci NOT NULL,
  `type` varchar(150) COLLATE utf8_unicode_ci NOT NULL,
  `settings` text COLLATE utf8_unicode_ci,
  `sortOrder` smallint(6) unsigned DEFAULT NULL,
  `fieldLayoutId` int(10) DEFAULT NULL,
  `dateCreated` datetime NOT NULL,
  `dateUpdated` datetime NOT NULL,
  `uid` char(36) COLLATE utf8_unicode_ci NOT NULL DEFAULT '0',
  PRIMARY KEY (`id`),
  UNIQUE KEY `craft_assetsources_name_unq_idx` (`name`),
  UNIQUE KEY `craft_assetsources_handle_unq_idx` (`handle`),
  KEY `craft_assetsources_fieldLayoutId_fk` (`fieldLayoutId`)
) ENGINE=InnoDB AUTO_INCREMENT=7 DEFAULT CHARSET=utf8 COLLATE=utf8_unicode_ci;

--
-- Data for table `craft_assetsources`
--

INSERT INTO `craft_assetsources` (`id`, `name`, `handle`, `type`, `settings`, `sortOrder`, `fieldLayoutId`, `dateCreated`, `dateUpdated`, `uid`) VALUES
 ('2', 'Slider', 'slider', 'Local', '{\"path\":\"images\\/slider\\/\",\"publicURLs\":\"1\",\"url\":\"images\\/slider\\/\"}', '1', '27', '2017-06-14 15:17:57', '2017-06-14 19:56:25', '8d5cb193-cbf2-4859-a3de-3ce0ee7662a4'),
 ('3', 'Cover Image', 'coverImage', 'Local', '{\"path\":\"images\\/covers\\/\",\"publicURLs\":\"1\",\"url\":\"http:\\/\\/dev.sulphurspringsumc.com\\/images\\/covers\\/\"}', '2', '104', '2017-07-07 14:41:55', '2017-07-26 17:54:21', '1a609b02-19cf-4d84-a870-6c9bc8d1aa5b'),
 ('4', 'Staff', 'staff', 'Local', '{\"path\":\"images\\/staff\\/\",\"publicURLs\":\"1\",\"url\":\"images\\/staff\\/\"}', '3', '101', '2017-07-24 15:19:31', '2017-07-24 17:01:04', '0b648873-8962-4048-bf00-29dae5a5a37b'),
 ('5', 'Media', 'media', 'Local', '{\"path\":\"images\\/media\\/\",\"publicURLs\":\"1\",\"url\":\"http:\\/\\/sulphurspringsumc.dev:8888\\/images\\/media\\/\"}', '4', '167', '2017-07-26 18:19:51', '2017-08-03 16:01:12', '4f6fb50b-37ad-4220-a76d-8f8e18433a4a'),
 ('6', 'Sermon Assets', 'sermonAssets', 'Local', '{\"path\":\"images\\/sermons\\/\",\"publicURLs\":\"1\",\"url\":\"http:\\/\\/sulphurspringsumc.dev:8888\\/images\\/sermons\\/\"}', '5', '164', '2017-07-27 03:04:55', '2017-08-02 02:43:01', 'fa04fc41-0b31-4872-80ea-2ee622e9eee5');



DROP TABLE IF EXISTS `craft_assettransformindex`;


--
-- Schema for table `craft_assettransformindex`
--
CREATE TABLE `craft_assettransformindex` (
  `id` int(11) NOT NULL AUTO_INCREMENT,
  `fileId` int(11) NOT NULL,
  `filename` varchar(255) COLLATE utf8_unicode_ci DEFAULT NULL,
  `format` varchar(255) COLLATE utf8_unicode_ci DEFAULT NULL,
  `location` varchar(255) COLLATE utf8_unicode_ci NOT NULL,
  `sourceId` int(11) DEFAULT NULL,
  `fileExists` tinyint(1) DEFAULT NULL,
  `inProgress` tinyint(1) DEFAULT NULL,
  `dateIndexed` datetime DEFAULT NULL,
  `dateCreated` datetime NOT NULL,
  `dateUpdated` datetime NOT NULL,
  `uid` char(36) COLLATE utf8_unicode_ci NOT NULL DEFAULT '0',
  PRIMARY KEY (`id`),
  KEY `craft_assettransformindex_sourceId_fileId_location_idx` (`sourceId`,`fileId`,`location`)
) ENGINE=InnoDB DEFAULT CHARSET=utf8 COLLATE=utf8_unicode_ci;

DROP TABLE IF EXISTS `craft_assettransforms`;


--
-- Schema for table `craft_assettransforms`
--
CREATE TABLE `craft_assettransforms` (
  `id` int(11) NOT NULL AUTO_INCREMENT,
  `name` varchar(255) COLLATE utf8_unicode_ci NOT NULL,
  `handle` varchar(255) COLLATE utf8_unicode_ci NOT NULL,
  `mode` enum('stretch','fit','crop') COLLATE utf8_unicode_ci NOT NULL DEFAULT 'crop',
  `position` enum('top-left','top-center','top-right','center-left','center-center','center-right','bottom-left','bottom-center','bottom-right') COLLATE utf8_unicode_ci NOT NULL DEFAULT 'center-center',
  `height` int(10) DEFAULT NULL,
  `width` int(10) DEFAULT NULL,
  `format` varchar(255) COLLATE utf8_unicode_ci DEFAULT NULL,
  `quality` int(10) DEFAULT NULL,
  `dimensionChangeTime` datetime DEFAULT NULL,
  `dateCreated` datetime NOT NULL,
  `dateUpdated` datetime NOT NULL,
  `uid` char(36) COLLATE utf8_unicode_ci NOT NULL DEFAULT '0',
  PRIMARY KEY (`id`),
  UNIQUE KEY `craft_assettransforms_name_unq_idx` (`name`),
  UNIQUE KEY `craft_assettransforms_handle_unq_idx` (`handle`)
) ENGINE=InnoDB AUTO_INCREMENT=3 DEFAULT CHARSET=utf8 COLLATE=utf8_unicode_ci;

--
-- Data for table `craft_assettransforms`
--

INSERT INTO `craft_assettransforms` (`id`, `name`, `handle`, `mode`, `position`, `height`, `width`, `format`, `quality`, `dimensionChangeTime`, `dateCreated`, `dateUpdated`, `uid`) VALUES
 ('1', 'Fit', 'fit', 'fit', 'center-center', NULL, '500', 'jpg', '82', '2017-07-21 20:54:53', '2017-07-21 20:54:53', '2017-07-21 20:54:53', '303a3f0f-fc8d-4de8-87b4-337c2a02f168'),
 ('2', 'Page Cover', 'pageCover', 'crop', 'center-center', '300', NULL, 'jpg', NULL, '2017-07-27 17:18:44', '2017-07-27 17:18:44', '2017-07-27 17:18:44', '715413ba-2f79-4f29-89f1-94182f75f599');



DROP TABLE IF EXISTS `craft_categories`;


--
-- Schema for table `craft_categories`
--
CREATE TABLE `craft_categories` (
  `id` int(11) NOT NULL,
  `groupId` int(11) NOT NULL,
  `dateCreated` datetime NOT NULL,
  `dateUpdated` datetime NOT NULL,
  `uid` char(36) COLLATE utf8_unicode_ci NOT NULL DEFAULT '0',
  PRIMARY KEY (`id`),
  KEY `craft_categories_groupId_fk` (`groupId`)
) ENGINE=InnoDB DEFAULT CHARSET=utf8 COLLATE=utf8_unicode_ci;

DROP TABLE IF EXISTS `craft_categorygroups`;


--
-- Schema for table `craft_categorygroups`
--
CREATE TABLE `craft_categorygroups` (
  `id` int(11) NOT NULL AUTO_INCREMENT,
  `structureId` int(11) NOT NULL,
  `fieldLayoutId` int(11) DEFAULT NULL,
  `name` varchar(255) COLLATE utf8_unicode_ci NOT NULL,
  `handle` varchar(255) COLLATE utf8_unicode_ci NOT NULL,
  `hasUrls` tinyint(1) unsigned NOT NULL DEFAULT '1',
  `template` varchar(500) COLLATE utf8_unicode_ci DEFAULT NULL,
  `dateCreated` datetime NOT NULL,
  `dateUpdated` datetime NOT NULL,
  `uid` char(36) COLLATE utf8_unicode_ci NOT NULL DEFAULT '0',
  PRIMARY KEY (`id`),
  UNIQUE KEY `craft_categorygroups_name_unq_idx` (`name`),
  UNIQUE KEY `craft_categorygroups_handle_unq_idx` (`handle`),
  KEY `craft_categorygroups_structureId_fk` (`structureId`),
  KEY `craft_categorygroups_fieldLayoutId_fk` (`fieldLayoutId`)
) ENGINE=InnoDB DEFAULT CHARSET=utf8 COLLATE=utf8_unicode_ci;

DROP TABLE IF EXISTS `craft_categorygroups_i18n`;


--
-- Schema for table `craft_categorygroups_i18n`
--
CREATE TABLE `craft_categorygroups_i18n` (
  `id` int(11) NOT NULL AUTO_INCREMENT,
  `groupId` int(11) NOT NULL,
  `locale` char(12) COLLATE utf8_unicode_ci NOT NULL,
  `urlFormat` text COLLATE utf8_unicode_ci,
  `nestedUrlFormat` text COLLATE utf8_unicode_ci,
  `dateCreated` datetime NOT NULL,
  `dateUpdated` datetime NOT NULL,
  `uid` char(36) COLLATE utf8_unicode_ci NOT NULL DEFAULT '0',
  PRIMARY KEY (`id`),
  UNIQUE KEY `craft_categorygroups_i18n_groupId_locale_unq_idx` (`groupId`,`locale`),
  KEY `craft_categorygroups_i18n_locale_fk` (`locale`)
) ENGINE=InnoDB DEFAULT CHARSET=utf8 COLLATE=utf8_unicode_ci;

DROP TABLE IF EXISTS `craft_content`;


--
-- Schema for table `craft_content`
--
CREATE TABLE `craft_content` (
  `id` int(11) NOT NULL AUTO_INCREMENT,
  `elementId` int(11) NOT NULL,
  `locale` char(12) COLLATE utf8_unicode_ci NOT NULL,
  `title` varchar(255) COLLATE utf8_unicode_ci DEFAULT NULL,
  `field_body` text COLLATE utf8_unicode_ci,
  `field_serviceTimesField` text COLLATE utf8_unicode_ci,
  `field_location` text COLLATE utf8_unicode_ci,
  `field_phoneNumber` varchar(12) COLLATE utf8_unicode_ci DEFAULT NULL,
  `field_officeHours` text COLLATE utf8_unicode_ci,
  `field_redirectUrl` text COLLATE utf8_unicode_ci,
  `field_eventTitle` text COLLATE utf8_unicode_ci,
  `field_startDate` datetime DEFAULT NULL,
  `field_endDate` datetime DEFAULT NULL,
  `field_startTime` datetime DEFAULT NULL,
  `field_endTime` datetime DEFAULT NULL,
  `field_eventDescription` text COLLATE utf8_unicode_ci,
  `field_sermonTitle` text COLLATE utf8_unicode_ci,
  `field_sermonDate` datetime DEFAULT NULL,
  `field_sermondescription` text COLLATE utf8_unicode_ci,
  `dateCreated` datetime NOT NULL,
  `dateUpdated` datetime NOT NULL,
  `uid` char(36) COLLATE utf8_unicode_ci NOT NULL DEFAULT '0',
  PRIMARY KEY (`id`),
  UNIQUE KEY `craft_content_elementId_locale_unq_idx` (`elementId`,`locale`),
  KEY `craft_content_title_idx` (`title`),
  KEY `craft_content_locale_fk` (`locale`)
) ENGINE=InnoDB AUTO_INCREMENT=122 DEFAULT CHARSET=utf8 COLLATE=utf8_unicode_ci;

--
-- Data for table `craft_content`
--

INSERT INTO `craft_content` (`id`, `elementId`, `locale`, `title`, `field_body`, `field_serviceTimesField`, `field_location`, `field_phoneNumber`, `field_officeHours`, `field_redirectUrl`, `field_eventTitle`, `field_startDate`, `field_endDate`, `field_startTime`, `field_endTime`, `field_eventDescription`, `field_sermonTitle`, `field_sermonDate`, `field_sermondescription`, `dateCreated`, `dateUpdated`, `uid`) VALUES
 ('1', '1', 'en_us', NULL, NULL, NULL, NULL, NULL, NULL, NULL, NULL, NULL, NULL, NULL, NULL, NULL, NULL, NULL, NULL, '2017-06-12 15:44:19', '2017-06-14 15:54:11', 'c202881e-83d6-459a-997f-2c00ab192420'),
 ('2', '2', 'en_us', 'Welcome to Sulphur Springs United Methodist Church!', '<p>It’s true, this site doesn’t have a whole lot of content yet, but don’t worry. Our web developers have just installed the CMS, and they’re setting things up for the content editors this very moment. Soon Sulphurspringsumc.dev will be an oasis of fresh perspectives, sharp analyses, and astute opinions that will keep you coming back again and again.</p>', NULL, NULL, NULL, NULL, NULL, NULL, NULL, NULL, NULL, NULL, NULL, NULL, NULL, NULL, '2017-06-12 15:44:24', '2017-07-27 16:54:42', 'db1e4b36-cadc-4261-ae1b-8a8d5325bd7a'),
 ('14', '15', 'en_us', 'I\'m New', NULL, NULL, NULL, NULL, NULL, NULL, NULL, NULL, NULL, NULL, NULL, NULL, NULL, NULL, NULL, '2017-06-14 18:23:36', '2017-07-20 20:16:27', '60299af6-81b7-4802-b830-2ee7bad3a527'),
 ('15', '16', 'en_us', 'Connect', NULL, NULL, NULL, NULL, NULL, NULL, NULL, NULL, NULL, NULL, NULL, NULL, NULL, NULL, NULL, '2017-06-14 18:23:43', '2017-07-20 20:16:27', 'bab90e22-fb4b-4068-82d9-5972ef30a363'),
 ('16', '17', 'en_us', 'Missions', NULL, NULL, NULL, NULL, NULL, NULL, NULL, NULL, NULL, NULL, NULL, NULL, NULL, NULL, NULL, '2017-06-14 18:23:52', '2017-07-20 20:16:27', '78d80c39-ad1e-40ec-b2f6-711ed4d97c09'),
 ('17', '18', 'en_us', 'Contact', NULL, NULL, NULL, NULL, NULL, NULL, NULL, NULL, NULL, NULL, NULL, NULL, NULL, NULL, NULL, '2017-06-14 18:24:00', '2017-07-20 20:16:27', '678fcd3b-1304-4e91-bc4f-6c14bbb78019'),
 ('18', '19', 'en_us', 'About Our Church', NULL, NULL, NULL, NULL, NULL, '', NULL, NULL, NULL, NULL, NULL, NULL, NULL, NULL, NULL, '2017-06-14 18:24:28', '2017-07-27 17:07:34', 'eb95ac1f-7d77-4320-9988-07bbff76104c'),
 ('19', '20', 'en_us', 'History', NULL, NULL, NULL, NULL, NULL, '', NULL, NULL, NULL, NULL, NULL, NULL, NULL, NULL, NULL, '2017-06-14 18:24:43', '2017-07-27 21:15:44', '9ea40ad8-24fa-4138-b123-8e4e83d98fc1'),
 ('20', '21', 'en_us', 'What We Believe', NULL, NULL, NULL, NULL, NULL, NULL, NULL, NULL, NULL, NULL, NULL, NULL, NULL, NULL, NULL, '2017-06-14 18:24:55', '2017-07-20 20:16:28', '5f2470aa-c0c8-4ddb-8cdf-60cc473a4750'),
 ('21', '22', 'en_us', 'Membership', NULL, NULL, NULL, NULL, NULL, NULL, NULL, NULL, NULL, NULL, NULL, NULL, NULL, NULL, NULL, '2017-06-14 18:25:13', '2017-07-20 20:16:28', '0f3405ac-1802-406f-ada3-4e9b70d28ba9'),
 ('22', '23', 'en_us', NULL, NULL, '<p>9:00am | Contemporary Service</p>\r\n<p>10:00am | Sunday School</p>\r\n<p>11:00am | Traditional Service</p>', NULL, NULL, NULL, NULL, NULL, NULL, NULL, NULL, NULL, NULL, NULL, NULL, NULL, '2017-06-14 19:02:04', '2017-06-14 20:04:07', '06b1f4d5-7905-4e5b-8a7a-a574925c6bd8'),
 ('24', '25', 'en_us', 'First Slide', NULL, NULL, NULL, NULL, NULL, NULL, NULL, NULL, NULL, NULL, NULL, NULL, NULL, NULL, NULL, '2017-06-14 19:57:59', '2017-07-24 20:35:40', '1a12b65b-7f04-4a47-a929-0b96468e8e41'),
 ('25', '26', 'en_us', NULL, NULL, NULL, '<p>1432 Gray-Sulphur Springs Rd</p><p>Jonesborough, TN 37659</p>', '423.753.5631', NULL, NULL, NULL, NULL, NULL, NULL, NULL, NULL, NULL, NULL, NULL, '2017-06-14 20:29:03', '2017-06-14 20:37:18', 'e3e9d6d4-e75c-4550-a376-6d30fff1269a'),
 ('26', '27', 'en_us', NULL, NULL, NULL, NULL, NULL, '<p>Monday: 8:30am - 4:00pm</p>\r\n<p>Tuesday & Wednesday: 8:30am - 2:00pm</p>\r\n<p>Thursday: 8:30am - 4:00pm</p>\r\n<p>Closed Friday</p><p><br></p>', NULL, NULL, NULL, NULL, NULL, NULL, NULL, NULL, NULL, NULL, '2017-06-14 20:34:01', '2017-06-26 15:02:17', '02bd4df0-e150-4d52-9033-ab4df0d0c781'),
 ('27', '28', 'en_us', 'Children', NULL, NULL, NULL, NULL, NULL, '', NULL, NULL, NULL, NULL, NULL, NULL, NULL, NULL, NULL, '2017-07-07 15:56:59', '2017-07-28 17:56:54', '0fdd9030-9e0b-437d-930c-6605605b9e72'),
 ('28', '29', 'en_us', 'Youth', NULL, NULL, NULL, NULL, NULL, NULL, NULL, NULL, NULL, NULL, NULL, NULL, NULL, NULL, NULL, '2017-07-07 15:57:14', '2017-07-20 20:16:28', 'e85619a3-ebe0-4031-a236-49ef572f7774'),
 ('29', '30', 'en_us', 'Adult Small Groups', NULL, NULL, NULL, NULL, NULL, NULL, NULL, NULL, NULL, NULL, NULL, NULL, NULL, NULL, NULL, '2017-07-07 15:57:46', '2017-07-20 20:16:28', '6ba794ff-f65e-4a8b-9e08-f0640b16e242'),
 ('30', '31', 'en_us', 'Worship', NULL, NULL, NULL, NULL, NULL, '', NULL, NULL, NULL, NULL, NULL, NULL, NULL, NULL, NULL, '2017-07-07 15:57:58', '2017-07-27 21:09:49', '02861865-8a00-43af-856b-d03d6d837e8a'),
 ('31', '32', 'en_us', 'UM Men & Women', NULL, NULL, NULL, NULL, NULL, NULL, NULL, NULL, NULL, NULL, NULL, NULL, NULL, NULL, NULL, '2017-07-07 15:58:27', '2017-07-20 20:16:28', '0cd24b31-47e9-4e12-8e87-2eeee5cca11d'),
 ('32', '33', 'en_us', 'Upper Room Quilters', NULL, NULL, NULL, NULL, NULL, NULL, NULL, NULL, NULL, NULL, NULL, NULL, NULL, NULL, NULL, '2017-07-07 15:58:44', '2017-07-26 16:35:45', 'cc815d79-883c-4bf4-a028-1eb0e785ef2b'),
 ('33', '34', 'en_us', 'Harvest Festival', NULL, NULL, NULL, NULL, NULL, NULL, NULL, NULL, NULL, NULL, NULL, NULL, NULL, NULL, NULL, '2017-07-07 15:59:00', '2017-07-20 20:16:28', 'cf91946a-a36c-496b-898e-c10723816617'),
 ('34', '35', 'en_us', 'Prayer Requests', NULL, NULL, NULL, NULL, NULL, '', NULL, NULL, NULL, NULL, NULL, NULL, NULL, NULL, NULL, '2017-07-11 17:56:46', '2017-07-27 15:00:56', '9af40f22-2a9c-439f-8096-da38ecfaedae'),
 ('35', '36', 'en_us', 'Staff', NULL, NULL, NULL, NULL, NULL, NULL, NULL, NULL, NULL, NULL, NULL, NULL, NULL, NULL, NULL, '2017-07-11 18:00:09', '2017-07-24 20:42:18', '17b6e17e-c706-4276-9810-443f597a242c'),
 ('36', '37', 'en_us', 'Contact Us', NULL, NULL, NULL, NULL, NULL, '', NULL, NULL, NULL, NULL, NULL, NULL, NULL, NULL, NULL, '2017-07-11 18:00:26', '2017-08-04 16:26:09', '9e393561-bf8f-4ab2-b934-860b18a07ee3'),
 ('37', '38', 'en_us', 'Resources', NULL, NULL, NULL, NULL, NULL, NULL, NULL, NULL, NULL, NULL, NULL, NULL, NULL, NULL, NULL, '2017-07-20 16:42:57', '2017-07-20 20:16:29', '78ef1603-1f47-4b7e-8911-2412b3920477'),
 ('38', '39', 'en_us', 'Daily Bible Reading', NULL, NULL, NULL, NULL, NULL, NULL, NULL, NULL, NULL, NULL, NULL, NULL, NULL, NULL, NULL, '2017-07-20 16:44:28', '2017-07-20 20:16:29', 'dfd1af74-c85b-4337-bf27-5ad800e187ce'),
 ('39', '40', 'en_us', 'Ministry Team Minutes', NULL, NULL, NULL, NULL, NULL, NULL, NULL, NULL, NULL, NULL, NULL, NULL, NULL, NULL, NULL, '2017-07-20 16:44:48', '2017-07-20 20:16:29', '303b10a2-456c-4049-8c92-ac9bc1fbf79d'),
 ('40', '41', 'en_us', 'Online Giving', NULL, NULL, NULL, NULL, NULL, 'https://tithe.ly/give?c=129152', NULL, NULL, NULL, NULL, NULL, NULL, NULL, NULL, NULL, '2017-07-20 16:45:16', '2017-07-26 17:39:09', 'b8091fc5-3ca7-449a-9d87-4af224fff8df'),
 ('56', '67', 'en_us', 'Joe', NULL, NULL, NULL, NULL, NULL, NULL, NULL, NULL, NULL, NULL, NULL, NULL, NULL, NULL, NULL, '2017-07-24 18:40:32', '2017-07-24 20:38:32', '46437865-ae12-4095-807b-99d626bbb03c'),
 ('57', '69', 'en_us', '1 Y3 A7165', NULL, NULL, NULL, NULL, NULL, NULL, NULL, NULL, NULL, NULL, NULL, NULL, NULL, NULL, NULL, '2017-07-24 20:35:40', '2017-07-24 20:35:41', '6d7111c9-0e0d-4fe9-b747-8a4a4d05ea86'),
 ('58', '70', 'en_us', '1 Y3 A7166', NULL, NULL, NULL, NULL, NULL, NULL, NULL, NULL, NULL, NULL, NULL, NULL, NULL, NULL, NULL, '2017-07-24 20:35:41', '2017-07-24 20:35:42', '6bbe3274-3d25-4bf8-8df9-44947c82572a'),
 ('59', '71', 'en_us', 'Debbie', NULL, NULL, NULL, NULL, NULL, NULL, NULL, NULL, NULL, NULL, NULL, NULL, NULL, NULL, NULL, '2017-07-24 20:38:24', '2017-07-24 20:38:24', '3e9b7a37-0c73-416a-be70-e70f7d4ffed8'),
 ('60', '72', 'en_us', 'Gwen', NULL, NULL, NULL, NULL, NULL, NULL, NULL, NULL, NULL, NULL, NULL, NULL, NULL, NULL, NULL, '2017-07-24 20:38:25', '2017-07-24 20:38:25', '5a9b15e1-fcbf-4bf5-aa51-ba17bcdb75d7'),
 ('62', '74', 'en_us', 'Ralph', NULL, NULL, NULL, NULL, NULL, NULL, NULL, NULL, NULL, NULL, NULL, NULL, NULL, NULL, NULL, '2017-07-24 20:38:27', '2017-07-24 20:38:27', '4492e90d-809c-4db8-936e-0489d6b865ac'),
 ('63', '75', 'en_us', 'Ramona', NULL, NULL, NULL, NULL, NULL, NULL, NULL, NULL, NULL, NULL, NULL, NULL, NULL, NULL, NULL, '2017-07-24 20:38:28', '2017-07-24 20:38:28', '462ab343-357a-4110-aa82-479cd95acb2e'),
 ('64', '76', 'en_us', 'Tammy', NULL, NULL, NULL, NULL, NULL, NULL, NULL, NULL, NULL, NULL, NULL, NULL, NULL, NULL, NULL, '2017-07-24 20:38:29', '2017-07-24 20:38:29', 'f1ce881a-4f24-4678-a4fd-0dd839b0e817'),
 ('65', '82', 'en_us', 'Discover More', NULL, NULL, NULL, NULL, NULL, NULL, NULL, NULL, NULL, NULL, NULL, NULL, NULL, NULL, NULL, '2017-07-25 17:11:12', '2017-07-27 17:00:31', '79ef79eb-6bb3-4f44-8dbb-5e744a2a7b02'),
 ('66', '84', 'en_us', 'Quilters', NULL, NULL, NULL, NULL, NULL, NULL, NULL, NULL, NULL, NULL, NULL, NULL, NULL, NULL, NULL, '2017-07-26 16:35:33', '2017-07-26 16:35:33', '6e742733-5a2c-4728-a5bb-af31f7012430'),
 ('67', '85', 'en_us', 'Belong 3', NULL, NULL, NULL, NULL, NULL, NULL, NULL, NULL, NULL, NULL, NULL, NULL, NULL, NULL, NULL, '2017-07-26 18:23:56', '2017-07-27 21:04:05', '7cc5ab04-ef97-4e88-b964-503682c9ded7'),
 ('68', '86', 'en_us', 'Belong 4', NULL, NULL, NULL, NULL, NULL, NULL, NULL, NULL, NULL, NULL, NULL, NULL, NULL, NULL, NULL, '2017-07-26 18:23:59', '2017-07-26 18:23:59', '8cd3099c-8961-4f60-8f6a-76e6db792245'),
 ('70', '88', 'en_us', 'Belong1', NULL, NULL, NULL, NULL, NULL, NULL, NULL, NULL, NULL, NULL, NULL, NULL, NULL, NULL, NULL, '2017-07-26 18:24:02', '2017-07-26 18:24:02', '40277abf-ce07-46ac-8fb1-d06d4c8a3bb9'),
 ('71', '89', 'en_us', 'Bible 1', NULL, NULL, NULL, NULL, NULL, NULL, NULL, NULL, NULL, NULL, NULL, NULL, NULL, NULL, NULL, '2017-07-26 18:24:05', '2017-07-26 18:24:05', '793c670a-4449-4046-9c18-2dd6625752f9'),
 ('72', '90', 'en_us', 'Bible', NULL, NULL, NULL, NULL, NULL, NULL, NULL, NULL, NULL, NULL, NULL, NULL, NULL, NULL, NULL, '2017-07-26 18:24:08', '2017-07-26 18:24:08', '5bcf8db0-28d0-4d9d-ae25-2ed7cbd06a41'),
 ('73', '91', 'en_us', 'Calendar', NULL, NULL, NULL, NULL, NULL, NULL, NULL, NULL, NULL, NULL, NULL, NULL, NULL, NULL, NULL, '2017-07-26 18:24:10', '2017-07-26 18:24:10', 'e6780304-d476-4bea-b344-9464c5692e40'),
 ('74', '92', 'en_us', 'Children', NULL, NULL, NULL, NULL, NULL, NULL, NULL, NULL, NULL, NULL, NULL, NULL, NULL, NULL, NULL, '2017-07-26 18:24:11', '2017-07-26 18:24:11', '29f88353-7662-4fd2-a221-f2dc0f403ef3'),
 ('75', '93', 'en_us', 'Dsc 0097', NULL, NULL, NULL, NULL, NULL, NULL, NULL, NULL, NULL, NULL, NULL, NULL, NULL, NULL, NULL, '2017-07-26 18:24:12', '2017-07-26 18:24:12', '4644c630-fbd9-4eaf-b404-9c7c2bce18dc'),
 ('76', '94', 'en_us', 'Event', NULL, NULL, NULL, NULL, NULL, NULL, NULL, NULL, NULL, NULL, NULL, NULL, NULL, NULL, NULL, '2017-07-26 18:24:14', '2017-07-27 20:57:45', 'd1cf7897-2f23-4486-a402-ab88b2cae2cf'),
 ('77', '95', 'en_us', 'Giving Church Slide', NULL, NULL, NULL, NULL, NULL, NULL, NULL, NULL, NULL, NULL, NULL, NULL, NULL, NULL, NULL, '2017-07-26 18:24:15', '2017-07-26 18:24:15', 'd08b39d0-2d55-4662-8e69-50dde0b1c4fe'),
 ('78', '96', 'en_us', 'Missions 1', NULL, NULL, NULL, NULL, NULL, NULL, NULL, NULL, NULL, NULL, NULL, NULL, NULL, NULL, NULL, '2017-07-26 18:24:16', '2017-07-26 18:24:16', 'd030883d-0d2c-410a-84bc-812040bacd9e'),
 ('79', '97', 'en_us', 'Missions 2', NULL, NULL, NULL, NULL, NULL, NULL, NULL, NULL, NULL, NULL, NULL, NULL, NULL, NULL, NULL, '2017-07-26 18:24:17', '2017-07-26 18:24:17', '1ed8ffaa-a094-4dd7-9398-664452f139da'),
 ('80', '98', 'en_us', 'Missions3', NULL, NULL, NULL, NULL, NULL, NULL, NULL, NULL, NULL, NULL, NULL, NULL, NULL, NULL, NULL, '2017-07-26 18:24:18', '2017-07-27 21:04:12', '5b50621c-0b1d-4ba8-9fff-49adf45d7276'),
 ('81', '99', 'en_us', 'Packing Sausage', NULL, NULL, NULL, NULL, NULL, NULL, NULL, NULL, NULL, NULL, NULL, NULL, NULL, NULL, NULL, '2017-07-26 18:24:18', '2017-07-26 18:24:18', 'b50dd50c-5ce9-4fc2-8315-ae0d4b80834d'),
 ('82', '100', 'en_us', 'People', NULL, NULL, NULL, NULL, NULL, NULL, NULL, NULL, NULL, NULL, NULL, NULL, NULL, NULL, NULL, '2017-07-26 18:24:20', '2017-07-27 21:05:59', '32e1a608-484a-4401-acf9-8fa1cc749638'),
 ('83', '101', 'en_us', 'Pumpkins', NULL, NULL, NULL, NULL, NULL, NULL, NULL, NULL, NULL, NULL, NULL, NULL, NULL, NULL, NULL, '2017-07-26 18:24:21', '2017-07-26 18:24:21', '4f585236-096e-4fb9-b00b-90167348aa8b'),
 ('84', '102', 'en_us', 'Quilters', NULL, NULL, NULL, NULL, NULL, NULL, NULL, NULL, NULL, NULL, NULL, NULL, NULL, NULL, NULL, '2017-07-26 18:24:22', '2017-07-26 18:24:22', 'b2cf3c0a-2f88-4759-93b0-a703c85fdc03'),
 ('85', '103', 'en_us', 'Rainbow', NULL, NULL, NULL, NULL, NULL, NULL, NULL, NULL, NULL, NULL, NULL, NULL, NULL, NULL, NULL, '2017-07-26 18:24:23', '2017-08-03 16:50:52', 'dd203fee-d382-40ed-84fc-eef7db445418'),
 ('86', '104', 'en_us', 'Resurrection', NULL, NULL, NULL, NULL, NULL, NULL, NULL, NULL, NULL, NULL, NULL, NULL, NULL, NULL, NULL, '2017-07-26 18:24:24', '2017-07-26 18:24:24', 'd88e3143-6ef1-4dd5-a06a-4c9a6f20cab3'),
 ('87', '105', 'en_us', 'Sermon', NULL, NULL, NULL, NULL, NULL, NULL, NULL, NULL, NULL, NULL, NULL, NULL, NULL, NULL, NULL, '2017-07-26 18:24:25', '2017-07-27 21:40:06', '96eb9f04-3baf-4add-acf5-9170e21bd092'),
 ('88', '106', 'en_us', 'Serve', NULL, NULL, NULL, NULL, NULL, NULL, NULL, NULL, NULL, NULL, NULL, NULL, NULL, NULL, NULL, '2017-07-26 18:24:26', '2017-07-26 18:24:26', 'e8e419e7-ef28-44a1-9f08-636786d37ff7'),
 ('89', '107', 'en_us', 'Study', NULL, NULL, NULL, NULL, NULL, NULL, NULL, NULL, NULL, NULL, NULL, NULL, NULL, NULL, NULL, '2017-07-26 18:24:26', '2017-07-26 18:24:26', '39d50934-befc-4661-b445-1e4fd4577f13'),
 ('90', '108', 'en_us', 'Study1', NULL, NULL, NULL, NULL, NULL, NULL, NULL, NULL, NULL, NULL, NULL, NULL, NULL, NULL, NULL, '2017-07-26 18:24:28', '2017-07-26 18:24:28', '5cbaa2d2-5bad-47fc-a8d8-bd9901ccd398'),
 ('91', '109', 'en_us', 'Study2', NULL, NULL, NULL, NULL, NULL, NULL, NULL, NULL, NULL, NULL, NULL, NULL, NULL, NULL, NULL, '2017-07-26 18:24:29', '2017-07-26 18:24:29', '62921770-45f9-43d2-a58b-fad2487bf05b'),
 ('92', '110', 'en_us', 'Teacher', NULL, NULL, NULL, NULL, NULL, NULL, NULL, NULL, NULL, NULL, NULL, NULL, NULL, NULL, NULL, '2017-07-26 18:24:29', '2017-07-26 18:24:29', '773fbfe9-a4f6-4800-819f-16911e60146f'),
 ('93', '111', 'en_us', 'Welcome', NULL, NULL, NULL, NULL, NULL, NULL, NULL, NULL, NULL, NULL, NULL, NULL, NULL, NULL, NULL, '2017-07-26 18:24:31', '2017-07-26 18:24:31', 'c387dbc2-9b1f-4cb2-891f-e196022bd5e0'),
 ('94', '112', 'en_us', 'People', NULL, NULL, NULL, NULL, NULL, NULL, NULL, NULL, NULL, NULL, NULL, NULL, NULL, NULL, NULL, '2017-07-26 19:23:31', '2017-07-26 19:23:31', '90e0183b-30aa-40b6-b936-196b198e536c'),
 ('95', '115', 'en_us', 'Serve', NULL, NULL, NULL, NULL, NULL, NULL, NULL, NULL, NULL, NULL, NULL, NULL, NULL, NULL, NULL, '2017-07-27 02:35:42', '2017-07-27 02:35:42', '5761b425-e0db-4564-b5ad-896c09140f2c'),
 ('96', '116', 'en_us', 'Belong', NULL, NULL, NULL, NULL, NULL, '', NULL, NULL, NULL, NULL, NULL, NULL, NULL, NULL, NULL, '2017-07-27 02:44:08', '2017-08-01 02:42:38', '0432a30c-ea69-4bc4-a0cb-eee08e1437e3'),
 ('97', '117', 'en_us', 'Good Good Father', NULL, NULL, NULL, NULL, NULL, NULL, NULL, NULL, NULL, NULL, NULL, NULL, NULL, NULL, NULL, '2017-07-27 02:53:45', '2017-07-27 02:53:45', '295c2999-4c6c-44d3-849a-22f5aba5424d'),
 ('98', '125', 'en_us', '1 Y3 A7191', NULL, NULL, NULL, NULL, NULL, NULL, NULL, NULL, NULL, NULL, NULL, NULL, NULL, NULL, NULL, '2017-07-27 17:15:56', '2017-07-27 17:15:56', '2970f2fd-3224-440b-a9b3-7bf2f67ef5ca'),
 ('99', '126', 'en_us', '1 Y3 A7225', NULL, NULL, NULL, NULL, NULL, NULL, NULL, NULL, NULL, NULL, NULL, NULL, NULL, NULL, NULL, '2017-07-27 17:16:51', '2017-07-27 17:16:51', 'e6307240-1746-45fa-9725-a64085865d1a'),
 ('100', '127', 'en_us', 'Worship', NULL, NULL, NULL, NULL, NULL, NULL, NULL, NULL, NULL, NULL, NULL, NULL, NULL, NULL, NULL, '2017-07-27 17:23:56', '2017-07-27 21:13:30', 'a0645ac9-988f-462a-abda-28cdeb3115ca'),
 ('108', '135', 'en_us', 'Campshed', NULL, NULL, NULL, NULL, NULL, NULL, NULL, NULL, NULL, NULL, NULL, NULL, NULL, NULL, NULL, '2017-07-27 21:15:18', '2017-07-27 21:17:37', '61f5a216-f2c8-4f49-9c80-9d3e2ecadd64'),
 ('110', '137', 'en_us', 'Children', NULL, NULL, NULL, NULL, NULL, NULL, NULL, NULL, NULL, NULL, NULL, NULL, NULL, NULL, NULL, '2017-07-28 17:48:32', '2017-07-28 17:48:32', '47cd7086-95bb-476d-83f5-590122fb54a3'),
 ('111', '138', 'en_us', 'Children Cover', NULL, NULL, NULL, NULL, NULL, NULL, NULL, NULL, NULL, NULL, NULL, NULL, NULL, NULL, NULL, '2017-07-28 17:56:46', '2017-07-28 17:56:46', '746cc56f-6ac9-4dab-856a-ffc618a066e5'),
 ('112', '140', 'en_us', 'Harvest Festival', NULL, NULL, NULL, NULL, NULL, NULL, 'Harvest Festival', '2017-09-08 00:00:00', '2017-09-10 00:00:00', '2017-08-03 08:00:00', '2017-08-03 22:00:00', 'What is the Harvest Festival? More information can be put here.', NULL, NULL, NULL, '2017-08-01 02:32:37', '2017-08-03 16:55:26', '8715e873-8d2d-4446-83b2-a99e6364c84e'),
 ('113', '142', 'en_us', 'Another Event', NULL, NULL, NULL, NULL, NULL, NULL, 'Another Event', '2017-08-02 00:00:00', '2017-08-02 00:00:00', NULL, NULL, '', NULL, NULL, NULL, '2017-08-02 01:53:41', '2017-08-03 17:07:47', '9be1134c-4c69-4e9e-8f61-5c66e6185212'),
 ('114', '143', 'en_us', 'Jesus', NULL, NULL, NULL, NULL, NULL, NULL, NULL, NULL, NULL, NULL, NULL, NULL, NULL, NULL, NULL, '2017-08-02 02:14:09', '2017-08-02 02:14:09', 'b10c2342-7a84-435f-903c-b2ac62f6f575'),
 ('115', '144', 'en_us', 'Testing Sermon', NULL, NULL, NULL, NULL, NULL, NULL, NULL, NULL, NULL, NULL, NULL, NULL, 'Testing Sermon', '2017-08-06 00:00:00', '', '2017-08-02 02:14:20', '2017-08-02 02:43:31', 'd867cfb6-4137-4d06-88ff-bb821bc3b736'),
 ('116', '145', 'en_us', 'Glorious Day', NULL, NULL, NULL, NULL, NULL, NULL, NULL, NULL, NULL, NULL, NULL, NULL, NULL, NULL, NULL, '2017-08-02 02:34:25', '2017-08-02 02:34:25', '617fe595-9558-4847-8d7d-835b64ecaa2e'),
 ('117', '146', 'en_us', 'How Great Is Your Love Live', NULL, NULL, NULL, NULL, NULL, NULL, NULL, NULL, NULL, NULL, NULL, NULL, NULL, NULL, NULL, '2017-08-02 02:43:28', '2017-08-02 02:43:28', 'f1f346e4-b9c6-4344-8670-2b40ebfe812b'),
 ('118', '147', 'en_us', 'Another Sermon', NULL, NULL, NULL, NULL, NULL, NULL, NULL, NULL, NULL, NULL, NULL, NULL, 'Another Sermon', '2017-08-13 00:00:00', '', '2017-08-02 02:44:01', '2017-08-02 02:44:01', '2aff2365-fae3-4a63-ae5d-03315931d3d1'),
 ('119', '148', 'en_us', NULL, NULL, NULL, NULL, NULL, NULL, NULL, NULL, NULL, NULL, NULL, NULL, NULL, NULL, NULL, NULL, '2017-08-03 15:52:36', '2017-08-03 15:59:06', '7a620e04-26b8-4f3e-aadd-5e96895da246'),
 ('120', '149', 'en_us', '2017 Pricing Guide', NULL, NULL, NULL, NULL, NULL, NULL, NULL, NULL, NULL, NULL, NULL, NULL, NULL, NULL, NULL, '2017-08-03 15:55:17', '2017-08-03 15:55:17', 'ef5304a7-ede4-4502-ba4f-939959de913f');



DROP TABLE IF EXISTS `craft_deprecationerrors`;


--
-- Schema for table `craft_deprecationerrors`
--
CREATE TABLE `craft_deprecationerrors` (
  `id` int(11) NOT NULL AUTO_INCREMENT,
  `key` varchar(255) COLLATE utf8_unicode_ci NOT NULL,
  `fingerprint` varchar(255) COLLATE utf8_unicode_ci NOT NULL,
  `lastOccurrence` datetime NOT NULL,
  `file` varchar(255) COLLATE utf8_unicode_ci NOT NULL,
  `line` smallint(6) unsigned NOT NULL,
  `class` varchar(255) COLLATE utf8_unicode_ci DEFAULT NULL,
  `method` varchar(255) COLLATE utf8_unicode_ci DEFAULT NULL,
  `template` varchar(255) COLLATE utf8_unicode_ci DEFAULT NULL,
  `templateLine` smallint(6) unsigned DEFAULT NULL,
  `message` varchar(255) COLLATE utf8_unicode_ci DEFAULT NULL,
  `traces` text COLLATE utf8_unicode_ci,
  `dateCreated` datetime NOT NULL,
  `dateUpdated` datetime NOT NULL,
  `uid` char(36) COLLATE utf8_unicode_ci NOT NULL DEFAULT '0',
  PRIMARY KEY (`id`),
  UNIQUE KEY `craft_deprecationerrors_key_fingerprint_unq_idx` (`key`,`fingerprint`)
) ENGINE=InnoDB DEFAULT CHARSET=utf8 COLLATE=utf8_unicode_ci;

DROP TABLE IF EXISTS `craft_elementindexsettings`;


--
-- Schema for table `craft_elementindexsettings`
--
CREATE TABLE `craft_elementindexsettings` (
  `id` int(11) NOT NULL AUTO_INCREMENT,
  `type` varchar(150) COLLATE utf8_unicode_ci NOT NULL,
  `settings` text COLLATE utf8_unicode_ci,
  `dateCreated` datetime NOT NULL,
  `dateUpdated` datetime NOT NULL,
  `uid` char(36) COLLATE utf8_unicode_ci NOT NULL DEFAULT '0',
  PRIMARY KEY (`id`),
  UNIQUE KEY `craft_elementindexsettings_type_unq_idx` (`type`)
) ENGINE=InnoDB AUTO_INCREMENT=8 DEFAULT CHARSET=utf8 COLLATE=utf8_unicode_ci;

--
-- Data for table `craft_elementindexsettings`
--

INSERT INTO `craft_elementindexsettings` (`id`, `type`, `settings`, `dateCreated`, `dateUpdated`, `uid`) VALUES
 ('1', 'Entry', '{\"sourceOrder\":[[\"key\",\"*\"],[\"key\",\"singles\"],[\"heading\",\"Pages\"],[\"key\",\"section:7\"],[\"heading\",\"Box Section\"],[\"key\",\"section:2\"],[\"key\",\"section:8\"]],\"sources\":{\"singles\":{\"tableAttributes\":{\"1\":\"link\"}},\"*\":{\"tableAttributes\":{\"1\":\"section\",\"2\":\"postDate\",\"3\":\"expiryDate\",\"4\":\"link\"}},\"section:2\":{\"tableAttributes\":{\"1\":\"postDate\",\"2\":\"expiryDate\",\"3\":\"link\"}},\"section:7\":{\"tableAttributes\":{\"1\":\"postDate\",\"2\":\"expiryDate\",\"3\":\"link\"}}}}', '2017-06-12 16:55:56', '2017-07-21 17:27:19', '51f7473a-ca0f-48ba-beb6-b7618931652a'),
 ('2', 'Category', '{\"sourceOrder\":[[\"heading\",\"Main Navigation\"],[\"key\",\"group:1\"]],\"sources\":{\"group:1\":{\"tableAttributes\":{\"1\":\"link\"}}}}', '2017-06-14 18:18:26', '2017-06-14 18:18:26', 'c1642d6e-fcc3-47d2-b5d8-5fd033232458'),
 ('7', 'Asset', '{\"sources\":{\"folder:3\":{\"tableAttributes\":{\"1\":\"filename\",\"2\":\"size\",\"3\":\"dateModified\",\"4\":\"imageSize\",\"5\":\"width\",\"6\":\"height\"}}},\"sourceOrder\":[[\"heading\",\"Homepage\"],[\"key\",\"folder:2\"],[\"heading\",\"\"],[\"heading\",\"Inside Pages\"],[\"key\",\"folder:3\"],[\"key\",\"folder:4\"],[\"key\",\"folder:5\"]]}', '2017-07-21 20:53:55', '2017-07-27 03:03:38', 'd91cb720-d319-4742-abf0-cda140f1f112');



DROP TABLE IF EXISTS `craft_elements`;


--
-- Schema for table `craft_elements`
--
CREATE TABLE `craft_elements` (
  `id` int(11) NOT NULL AUTO_INCREMENT,
  `type` varchar(150) COLLATE utf8_unicode_ci NOT NULL,
  `enabled` tinyint(1) unsigned NOT NULL DEFAULT '1',
  `archived` tinyint(1) unsigned NOT NULL DEFAULT '0',
  `dateCreated` datetime NOT NULL,
  `dateUpdated` datetime NOT NULL,
  `uid` char(36) COLLATE utf8_unicode_ci NOT NULL DEFAULT '0',
  PRIMARY KEY (`id`),
  KEY `craft_elements_type_idx` (`type`),
  KEY `craft_elements_enabled_idx` (`enabled`),
  KEY `craft_elements_archived_dateCreated_idx` (`archived`,`dateCreated`)
) ENGINE=InnoDB AUTO_INCREMENT=152 DEFAULT CHARSET=utf8 COLLATE=utf8_unicode_ci;

--
-- Data for table `craft_elements`
--

INSERT INTO `craft_elements` (`id`, `type`, `enabled`, `archived`, `dateCreated`, `dateUpdated`, `uid`) VALUES
 ('1', 'User', '1', '0', '2017-06-12 15:44:19', '2017-06-14 15:54:11', '4d347f4b-6bb5-4a89-a4e7-27e2a8507d7f'),
 ('2', 'Entry', '1', '0', '2017-06-12 15:44:24', '2017-07-27 16:54:42', '8cbf89e7-3a32-4911-94b5-7b30b4ee1563'),
 ('11', 'MatrixBlock', '1', '0', '2017-06-14 15:49:06', '2017-07-27 16:54:42', '7de79d4b-6cf7-4af6-9b4c-f9964b1197e4'),
 ('15', 'Entry', '1', '0', '2017-06-14 18:23:36', '2017-07-20 20:16:27', '087d1579-8b34-4e81-9ac7-d91ea627a8c7'),
 ('16', 'Entry', '1', '0', '2017-06-14 18:23:43', '2017-07-20 20:16:27', 'e62c8314-4fd9-4868-bddd-0785c315eb2d'),
 ('17', 'Entry', '1', '0', '2017-06-14 18:23:52', '2017-07-20 20:16:27', '5817d157-364b-454a-a1b0-506c9c76a4c7'),
 ('18', 'Entry', '1', '0', '2017-06-14 18:24:00', '2017-07-20 20:16:27', 'afe82d59-f909-4261-b8e0-e6333e3a79ad'),
 ('19', 'Entry', '1', '0', '2017-06-14 18:24:28', '2017-07-27 17:07:34', '97f87e07-0cc4-4bec-9126-6c467dc57bf4'),
 ('20', 'Entry', '1', '0', '2017-06-14 18:24:43', '2017-07-27 21:15:44', 'c96ac7e0-6b5e-4e77-a716-2da063592a86'),
 ('21', 'Entry', '1', '0', '2017-06-14 18:24:55', '2017-07-20 20:16:28', 'ca2364ac-a5d4-4fa8-839f-23216ba6b13d'),
 ('22', 'Entry', '1', '0', '2017-06-14 18:25:13', '2017-07-20 20:16:28', '02480eaf-0917-4b32-be25-908af69456f3'),
 ('23', 'GlobalSet', '1', '0', '2017-06-14 19:02:04', '2017-06-14 20:04:07', '5d839d69-144f-4fb8-ad66-6fb89f9da99e'),
 ('25', 'Asset', '1', '0', '2017-06-14 19:57:59', '2017-07-24 20:35:40', 'd7592461-9c80-4d3f-852a-e841844ab936'),
 ('26', 'GlobalSet', '1', '0', '2017-06-14 20:29:03', '2017-06-14 20:37:18', '93479157-b67b-4b1b-890b-9f0f98f607f4'),
 ('27', 'GlobalSet', '1', '0', '2017-06-14 20:34:01', '2017-06-26 15:02:17', '99865f2d-aa4a-4ac4-97c8-a083d5d93174'),
 ('28', 'Entry', '1', '0', '2017-07-07 15:56:59', '2017-07-28 17:56:54', 'e7b8069e-5802-463d-94fa-53857c5c57a0'),
 ('29', 'Entry', '1', '0', '2017-07-07 15:57:14', '2017-07-20 20:16:28', 'fa835b97-3832-4a9e-b7c3-92a20be08c1d'),
 ('30', 'Entry', '1', '0', '2017-07-07 15:57:46', '2017-07-20 20:16:28', '40f4dd88-53e2-42db-a2aa-8b5795acfbc3'),
 ('31', 'Entry', '1', '0', '2017-07-07 15:57:58', '2017-07-27 21:09:49', '0bda80cb-485c-40a7-96b8-14b2d6f6bed0'),
 ('32', 'Entry', '1', '0', '2017-07-07 15:58:27', '2017-07-20 20:16:28', '0cfe5692-2214-41cd-bbcf-6349f879c5ba'),
 ('33', 'Entry', '1', '0', '2017-07-07 15:58:44', '2017-07-26 16:35:45', '25ebfb26-632a-46b5-8c4e-b3e82d2ea441'),
 ('34', 'Entry', '1', '0', '2017-07-07 15:59:00', '2017-07-20 20:16:28', '621feca8-a02f-40c4-a548-af971ed4b9e1'),
 ('35', 'Entry', '1', '0', '2017-07-11 17:56:46', '2017-07-27 15:00:56', '24b9ddf6-478a-4997-9868-92438c1ca197'),
 ('36', 'Entry', '1', '0', '2017-07-11 18:00:09', '2017-07-24 20:42:18', '5f4ade4d-873b-45c6-bee3-03417fb9b6e5'),
 ('37', 'Entry', '1', '0', '2017-07-11 18:00:26', '2017-08-04 16:26:09', '0a438411-39ea-4b48-b71a-5bc223bd8f4f'),
 ('38', 'Entry', '1', '0', '2017-07-20 16:42:57', '2017-07-20 20:16:29', 'c5ea2a7a-92ea-45dd-a64c-a98ade24fd91'),
 ('39', 'Entry', '1', '0', '2017-07-20 16:44:28', '2017-07-20 20:16:29', 'a9e45098-d307-4be3-a0dc-de3878bae2fb'),
 ('40', 'Entry', '1', '0', '2017-07-20 16:44:48', '2017-07-20 20:16:29', '4df6f631-03ce-4358-a87f-45014d009dca'),
 ('41', 'Entry', '1', '0', '2017-07-20 16:45:16', '2017-07-26 17:39:09', '83793bc0-25d7-4eec-90c0-052ef554ef58'),
 ('47', 'MatrixBlock', '1', '0', '2017-07-21 19:33:02', '2017-07-27 17:07:34', 'e7b99fca-7c0b-4be5-8e35-4a6c11464bc3'),
 ('59', 'MatrixBlock', '1', '0', '2017-07-24 16:42:35', '2017-07-24 20:42:18', 'c2e24128-7b75-4ed4-a627-9a9f4116fa48'),
 ('67', 'Asset', '1', '0', '2017-07-24 18:40:32', '2017-07-24 20:38:32', '9ce0aba9-f45d-44b2-90e5-d3bed05d48ed'),
 ('68', 'MatrixBlock', '1', '0', '2017-07-24 20:35:27', '2017-07-24 20:42:18', '5aa92d0e-f3a3-49e8-bc2b-f49b11bcb492'),
 ('69', 'Asset', '1', '0', '2017-07-24 20:35:40', '2017-07-24 20:35:41', 'a55ca050-6265-4e73-98cf-f5dec5054558'),
 ('70', 'Asset', '1', '0', '2017-07-24 20:35:41', '2017-07-24 20:35:42', '6d1b97be-f687-4e92-a253-5e7a979ca728'),
 ('71', 'Asset', '1', '0', '2017-07-24 20:38:24', '2017-07-24 20:38:24', 'ef5eaa5e-a527-4411-a3ca-207aeb95825b'),
 ('72', 'Asset', '1', '0', '2017-07-24 20:38:25', '2017-07-24 20:38:25', '1280cdb7-b5a8-43f7-a986-57af6a5d4bc8'),
 ('74', 'Asset', '1', '0', '2017-07-24 20:38:27', '2017-07-24 20:38:27', '762df4ef-848f-462b-ac40-9741a499330e'),
 ('75', 'Asset', '1', '0', '2017-07-24 20:38:28', '2017-07-24 20:38:28', '89aab026-8d42-49a9-8558-1c68f482e6eb'),
 ('76', 'Asset', '1', '0', '2017-07-24 20:38:29', '2017-07-24 20:38:29', '77dccbbb-ca2e-4b6c-a968-88862207ffaf'),
 ('77', 'MatrixBlock', '1', '0', '2017-07-24 20:42:18', '2017-07-24 20:42:18', 'b6ad61d6-2820-4302-b2cc-0228d9cc24e1'),
 ('78', 'MatrixBlock', '1', '0', '2017-07-24 20:42:18', '2017-07-24 20:42:18', 'b9b2f8a9-dc6a-4287-8b8f-7a38d3876439'),
 ('79', 'MatrixBlock', '1', '0', '2017-07-24 20:42:18', '2017-07-24 20:42:18', '569191a7-b9b8-4bac-9efb-155e7bfbc6db'),
 ('80', 'MatrixBlock', '1', '0', '2017-07-24 20:42:18', '2017-07-24 20:42:18', '76567f7d-fe3e-4949-914f-1559940c0cf0'),
 ('81', 'MatrixBlock', '1', '0', '2017-07-24 20:42:18', '2017-07-24 20:42:18', 'a87ce409-3193-41ff-99a5-a4b594e567c0'),
 ('82', 'Entry', '1', '0', '2017-07-25 17:11:12', '2017-07-27 17:00:31', 'dc9eccbc-05a2-417d-af70-b794a00f6509'),
 ('83', 'MatrixBlock', '1', '0', '2017-07-26 16:18:25', '2017-07-26 17:39:09', '98e9219d-6b00-4dcc-9ac5-620380a03e57'),
 ('84', 'Asset', '1', '0', '2017-07-26 16:35:33', '2017-07-26 16:35:33', 'e9674d57-ea93-4cb2-9002-df3d1e6be15a'),
 ('85', 'Asset', '1', '0', '2017-07-26 18:23:56', '2017-07-27 21:04:05', 'c16fe25a-e7f1-4bb3-b021-fe7a032bbaba'),
 ('86', 'Asset', '1', '0', '2017-07-26 18:23:59', '2017-07-26 18:23:59', '2d2248c0-97bc-4fa2-a78d-1982c75c9e9f'),
 ('88', 'Asset', '1', '0', '2017-07-26 18:24:02', '2017-07-26 18:24:02', '29c6759b-6470-4d95-b9c4-d9c9a6c543ad'),
 ('89', 'Asset', '1', '0', '2017-07-26 18:24:05', '2017-07-26 18:24:05', 'e7013f7c-d194-4c1b-bc4c-4b5d7a4f1f2b'),
 ('90', 'Asset', '1', '0', '2017-07-26 18:24:08', '2017-07-26 18:24:08', '6457d09f-c083-4ee1-94af-f62386f17d88'),
 ('91', 'Asset', '1', '0', '2017-07-26 18:24:10', '2017-07-26 18:24:10', '80a76192-d6ff-4d14-b56e-0015b0991363'),
 ('92', 'Asset', '1', '0', '2017-07-26 18:24:11', '2017-07-26 18:24:11', '282cfa4c-4b83-498a-9b0e-79c63f87ec88'),
 ('93', 'Asset', '1', '0', '2017-07-26 18:24:12', '2017-07-26 18:24:12', '6d6c4704-5cdb-48b7-bb4d-738bcf517f2d'),
 ('94', 'Asset', '1', '0', '2017-07-26 18:24:14', '2017-07-27 20:57:45', '9b98df2a-8d08-4a37-a7df-75a925792e76'),
 ('95', 'Asset', '1', '0', '2017-07-26 18:24:15', '2017-07-26 18:24:15', '8654af6d-2fce-4523-811a-4a1412ca774d'),
 ('96', 'Asset', '1', '0', '2017-07-26 18:24:16', '2017-07-26 18:24:16', 'a0b9807c-4140-49b4-84c7-f9059815af11'),
 ('97', 'Asset', '1', '0', '2017-07-26 18:24:17', '2017-07-26 18:24:17', '758ab346-6b9c-4d1d-91f9-3a7d3a0a3368'),
 ('98', 'Asset', '1', '0', '2017-07-26 18:24:18', '2017-07-27 21:04:12', 'bfbf5039-55da-4157-8f91-7b01768d4566'),
 ('99', 'Asset', '1', '0', '2017-07-26 18:24:18', '2017-07-26 18:24:18', 'c74b13f8-0312-48f8-aa0b-4837010ce262'),
 ('100', 'Asset', '1', '0', '2017-07-26 18:24:20', '2017-07-27 21:05:59', '2319e4d8-0ce3-4ad4-94ee-7138451f5abf'),
 ('101', 'Asset', '1', '0', '2017-07-26 18:24:21', '2017-07-26 18:24:21', '71130c5c-8c19-43d8-9b1b-dd961b89ab75'),
 ('102', 'Asset', '1', '0', '2017-07-26 18:24:22', '2017-07-26 18:24:22', '927fa700-2000-4346-a8fb-a163eee386f9'),
 ('103', 'Asset', '1', '0', '2017-07-26 18:24:23', '2017-08-03 16:50:52', '626cf342-7729-4568-951c-bb09a341b405'),
 ('104', 'Asset', '1', '0', '2017-07-26 18:24:24', '2017-07-26 18:24:24', '90e19924-e9fa-4de2-a213-7d625c202715'),
 ('105', 'Asset', '1', '0', '2017-07-26 18:24:25', '2017-07-27 21:40:06', '5659dd38-1bc0-4075-af4c-80ae6392a52d'),
 ('106', 'Asset', '1', '0', '2017-07-26 18:24:26', '2017-07-26 18:24:26', '2224091c-873c-4260-b543-ddabff95b48f'),
 ('107', 'Asset', '1', '0', '2017-07-26 18:24:26', '2017-07-26 18:24:26', '4e41ebf8-a96e-4bd9-9898-b03590af4048'),
 ('108', 'Asset', '1', '0', '2017-07-26 18:24:28', '2017-07-26 18:24:28', 'ad5ce040-ca0b-4bbc-87bf-fadf0de69198'),
 ('109', 'Asset', '1', '0', '2017-07-26 18:24:29', '2017-07-26 18:24:29', '11933487-9c8c-4697-9cba-ce8104700f45'),
 ('110', 'Asset', '1', '0', '2017-07-26 18:24:29', '2017-07-26 18:24:29', 'a617cbde-c39a-4145-bd36-216d8c0ff283'),
 ('111', 'Asset', '1', '0', '2017-07-26 18:24:31', '2017-07-26 18:24:31', '1631ef93-ad81-40f8-aac0-d61d5f9f1181'),
 ('112', 'Asset', '1', '0', '2017-07-26 19:23:31', '2017-07-26 19:23:31', '514168a0-a5b0-406a-8131-61d515956bae'),
 ('113', 'MatrixBlock', '1', '0', '2017-07-26 21:47:29', '2017-07-27 16:54:42', 'c98b4f3f-b1f9-4b0b-9977-efd5f440174a'),
 ('115', 'Entry', '1', '0', '2017-07-27 02:35:42', '2017-07-27 02:35:42', 'fb705f8b-c124-47d4-b1f0-a4ac176fd7dc'),
 ('116', 'Entry', '1', '0', '2017-07-27 02:44:08', '2017-08-01 02:42:38', '267b49a7-0fa5-46b2-b952-36d9e5dac759'),
 ('117', 'Asset', '1', '0', '2017-07-27 02:53:45', '2017-07-27 02:53:45', 'f6b6aa7e-d902-47e2-a90e-e39ebf65f684'),
 ('121', 'MatrixBlock', '1', '0', '2017-07-27 14:10:37', '2017-07-27 15:00:56', '0f620fc6-2e6c-4913-8251-1fde4527b224'),
 ('122', 'MatrixBlock', '1', '0', '2017-07-27 14:32:48', '2017-07-27 15:00:56', '8d607347-3a85-4433-96a4-524873384ff5'),
 ('123', 'MatrixBlock', '1', '0', '2017-07-27 15:03:29', '2017-08-04 16:26:09', 'b8043cd8-06e7-41a2-96fa-7de16b928d96'),
 ('124', 'MatrixBlock', '1', '0', '2017-07-27 17:14:40', '2017-07-27 21:09:49', 'ca282168-18a4-4f73-8477-9d306d29dfd4'),
 ('125', 'Asset', '1', '0', '2017-07-27 17:15:56', '2017-07-27 17:15:56', 'bd50fcea-ebe7-451f-8f83-205a9b66019b'),
 ('126', 'Asset', '1', '0', '2017-07-27 17:16:50', '2017-07-27 17:16:50', '4add05d7-0a7d-4354-b27b-96bba1c2e189'),
 ('127', 'Asset', '1', '0', '2017-07-27 17:23:56', '2017-07-27 21:13:30', '0bec07fe-734a-4198-98ba-97cc068e0476'),
 ('135', 'Asset', '1', '0', '2017-07-27 21:15:18', '2017-07-27 21:17:37', 'dd68d15b-81af-46ea-9c48-4223c41ab7e0'),
 ('137', 'Asset', '1', '0', '2017-07-28 17:48:32', '2017-07-28 17:48:32', 'b1d82663-2129-4011-8433-a0bc0aef1ca3'),
 ('138', 'Asset', '1', '0', '2017-07-28 17:56:46', '2017-07-28 17:56:46', 'f685e697-64f1-4494-b5ff-06faeb7ba8ca'),
 ('139', 'MatrixBlock', '1', '0', '2017-07-28 17:56:54', '2017-07-28 17:56:54', 'fa9cd89c-a91a-4fe8-8855-fd7e7a1dcf17'),
 ('140', 'Entry', '1', '0', '2017-08-01 02:32:37', '2017-08-03 16:55:26', '8285652b-a7eb-4eae-ba6e-bdadf29efa32'),
 ('141', 'MatrixBlock', '1', '0', '2017-08-01 02:42:38', '2017-08-01 02:42:38', '49a6d41e-9055-47eb-8785-aa86de829f15'),
 ('142', 'Entry', '1', '0', '2017-08-02 01:53:41', '2017-08-03 17:07:47', '11f61bfb-a0f5-4ed1-be41-eb7a2d0062ae'),
 ('143', 'Asset', '1', '0', '2017-08-02 02:14:09', '2017-08-02 02:14:09', '70ff2e18-0ad6-4d75-b401-1a16b6e73bc3'),
 ('144', 'Entry', '1', '0', '2017-08-02 02:14:20', '2017-08-02 02:43:31', '6ea8b720-e26a-4b02-b97e-58534353dd64'),
 ('145', 'Asset', '1', '0', '2017-08-02 02:34:25', '2017-08-02 02:34:25', '9dc61d55-4101-4352-b203-77d918827ab7'),
 ('146', 'Asset', '1', '0', '2017-08-02 02:43:28', '2017-08-02 02:43:28', 'baa97872-879f-4a44-b572-f30e0d1aff11'),
 ('147', 'Entry', '1', '0', '2017-08-02 02:44:01', '2017-08-02 02:44:01', 'd9daf6fe-af72-4aa5-bcf1-efcfbe0a2803'),
 ('148', 'GlobalSet', '1', '0', '2017-08-03 15:52:36', '2017-08-03 15:59:06', '9a3791bf-32a5-4bd5-9ac3-b15114fd5f2f'),
 ('149', 'Asset', '1', '0', '2017-08-03 15:55:17', '2017-08-03 15:55:17', '5e564178-0ee8-41ce-aee6-66c840558337');
INSERT INTO `craft_elements` (`id`, `type`, `enabled`, `archived`, `dateCreated`, `dateUpdated`, `uid`) VALUES
 ('151', 'MatrixBlock', '1', '0', '2017-08-04 15:49:20', '2017-08-04 16:26:09', '3448a3ab-5967-4a10-b262-4106d8bc170e');



DROP TABLE IF EXISTS `craft_elements_i18n`;


--
-- Schema for table `craft_elements_i18n`
--
CREATE TABLE `craft_elements_i18n` (
  `id` int(11) NOT NULL AUTO_INCREMENT,
  `elementId` int(11) NOT NULL,
  `locale` char(12) COLLATE utf8_unicode_ci NOT NULL,
  `slug` varchar(255) COLLATE utf8_unicode_ci DEFAULT NULL,
  `uri` varchar(255) COLLATE utf8_unicode_ci DEFAULT NULL,
  `enabled` tinyint(1) unsigned NOT NULL DEFAULT '1',
  `dateCreated` datetime NOT NULL,
  `dateUpdated` datetime NOT NULL,
  `uid` char(36) COLLATE utf8_unicode_ci NOT NULL DEFAULT '0',
  PRIMARY KEY (`id`),
  UNIQUE KEY `craft_elements_i18n_elementId_locale_unq_idx` (`elementId`,`locale`),
  UNIQUE KEY `craft_elements_i18n_uri_locale_unq_idx` (`uri`,`locale`),
  KEY `craft_elements_i18n_slug_locale_idx` (`slug`,`locale`),
  KEY `craft_elements_i18n_enabled_idx` (`enabled`),
  KEY `craft_elements_i18n_locale_fk` (`locale`)
) ENGINE=InnoDB AUTO_INCREMENT=152 DEFAULT CHARSET=utf8 COLLATE=utf8_unicode_ci;

--
-- Data for table `craft_elements_i18n`
--

INSERT INTO `craft_elements_i18n` (`id`, `elementId`, `locale`, `slug`, `uri`, `enabled`, `dateCreated`, `dateUpdated`, `uid`) VALUES
 ('1', '1', 'en_us', '', NULL, '1', '2017-06-12 15:44:19', '2017-06-14 15:54:11', 'f644af74-25b8-498a-a59d-8a2fc5f35c31'),
 ('2', '2', 'en_us', 'homepage', '__home__', '1', '2017-06-12 15:44:24', '2017-07-27 16:54:42', 'e881e4af-5902-4c29-8e15-d9c5f5cf400b'),
 ('11', '11', 'en_us', '', NULL, '1', '2017-06-14 15:49:06', '2017-07-27 16:54:42', '94368248-ef92-4778-bbba-4f8ac66425a8'),
 ('15', '15', 'en_us', 'im-new', 'im-new', '1', '2017-06-14 18:23:37', '2017-07-20 20:16:27', '494b1a8f-8d1c-4ebd-bf63-39b1d0d7337e'),
 ('16', '16', 'en_us', 'connect', 'connect', '1', '2017-06-14 18:23:43', '2017-07-20 20:16:27', 'bf23360f-f624-488b-bdcd-cc33a8c4300d'),
 ('17', '17', 'en_us', 'missions', 'missions', '1', '2017-06-14 18:23:52', '2017-07-20 20:16:27', '0f308344-bed0-4493-8b69-31986a94c2b6'),
 ('18', '18', 'en_us', 'contact', 'contact', '1', '2017-06-14 18:24:00', '2017-07-20 20:16:27', 'ce551808-be18-4c8e-ab17-23343a34fd74'),
 ('19', '19', 'en_us', 'about-our-church', 'im-new/about-our-church', '1', '2017-06-14 18:24:28', '2017-07-27 17:07:34', 'c598c9c8-2b23-44b8-a2e3-67eb4f66bd62'),
 ('20', '20', 'en_us', 'history', 'im-new/history', '1', '2017-06-14 18:24:43', '2017-07-27 21:15:44', '21f5fffb-a120-4403-b2c5-aa311b28efeb'),
 ('21', '21', 'en_us', 'what-we-believe', 'im-new/what-we-believe', '1', '2017-06-14 18:24:55', '2017-07-20 20:16:28', '9bbce057-28d3-483c-8e39-d934414151ae'),
 ('22', '22', 'en_us', 'membership', 'im-new/membership', '1', '2017-06-14 18:25:13', '2017-07-20 20:16:28', '0539bc78-093c-44ab-83ad-678b1f07c24a'),
 ('23', '23', 'en_us', '', NULL, '1', '2017-06-14 19:02:04', '2017-06-14 20:04:07', '5b7b5cb4-5f52-4e7d-a239-3ff34a273e1e'),
 ('25', '25', 'en_us', 'first-slide', NULL, '1', '2017-06-14 19:57:59', '2017-07-24 20:35:40', '909d8ea7-0099-47c3-a5f6-2f293954ba65'),
 ('26', '26', 'en_us', '', NULL, '1', '2017-06-14 20:29:04', '2017-06-14 20:37:18', '259ae41e-6413-48c1-850b-e7946eea45d7'),
 ('27', '27', 'en_us', '', NULL, '1', '2017-06-14 20:34:01', '2017-06-26 15:02:17', '27c4518b-0bf4-481b-ad68-890464dae78a'),
 ('28', '28', 'en_us', 'children', 'connect/children', '1', '2017-07-07 15:56:59', '2017-07-28 17:56:54', 'ac93144f-0254-4c05-afcf-2c9c4d19a700'),
 ('29', '29', 'en_us', 'youth', 'connect/youth', '1', '2017-07-07 15:57:14', '2017-07-20 20:16:28', '11ce9d87-1dbc-496b-8c7a-5a8dd0cdf8b2'),
 ('30', '30', 'en_us', 'adult-small-groups', 'connect/adult-small-groups', '1', '2017-07-07 15:57:46', '2017-07-20 20:16:28', '975124ba-6dad-400d-938b-6f50d17f881e'),
 ('31', '31', 'en_us', 'worship', 'connect/worship', '1', '2017-07-07 15:57:58', '2017-07-27 21:09:49', '5aabc7f9-8b0e-4fc3-a592-b733baeb29f7'),
 ('32', '32', 'en_us', 'um-men-women', 'missions/um-men-women', '1', '2017-07-07 15:58:27', '2017-07-20 20:16:28', 'f1fe4e61-991e-428b-b42b-ee720d5167c1'),
 ('33', '33', 'en_us', 'upper-room-quilters', 'missions/upper-room-quilters', '1', '2017-07-07 15:58:44', '2017-07-26 16:35:45', 'd8bd0258-1bf3-4127-be0c-241ec691bc36'),
 ('34', '34', 'en_us', 'harvest-festival', 'missions/harvest-festival', '1', '2017-07-07 15:59:00', '2017-07-20 20:16:28', '67a352df-8d23-4d1c-a846-067a34d74839'),
 ('35', '35', 'en_us', 'prayer-requests', 'contact/prayer-requests', '1', '2017-07-11 17:56:46', '2017-07-27 15:00:56', '8ba27952-86fa-46e5-9b23-596c5e0e0752'),
 ('36', '36', 'en_us', 'staff', 'contact/staff', '1', '2017-07-11 18:00:09', '2017-07-24 20:42:18', 'cb88a353-f108-4593-8a02-41e6a7bedb56'),
 ('37', '37', 'en_us', 'contact-us', 'contact/contact-us', '1', '2017-07-11 18:00:26', '2017-08-04 16:26:09', '71ab0462-4cb5-47b6-8cb0-e603ec887594'),
 ('38', '38', 'en_us', 'resources', 'resources', '1', '2017-07-20 16:42:57', '2017-07-20 20:16:29', 'fcebdd3a-13ea-478e-a91e-d5cc1eab07db'),
 ('39', '39', 'en_us', 'daily-bible-reading', 'resources/daily-bible-reading', '1', '2017-07-20 16:44:28', '2017-07-20 20:16:29', '93967bb1-b921-4b1e-81d7-7d647ca30d86'),
 ('40', '40', 'en_us', 'ministry-team-minutes', 'resources/ministry-team-minutes', '1', '2017-07-20 16:44:48', '2017-07-20 20:16:29', '91584742-335e-497d-974e-c525ce5f7986'),
 ('41', '41', 'en_us', 'online-giving', 'resources/online-giving', '1', '2017-07-20 16:45:16', '2017-07-26 17:39:09', '471fe69e-ca6c-4335-a63c-104f97956c3a'),
 ('47', '47', 'en_us', '', NULL, '1', '2017-07-21 19:33:02', '2017-07-27 17:07:34', '6fabe369-3534-45c4-abed-0b3515550fa7'),
 ('59', '59', 'en_us', '', NULL, '1', '2017-07-24 16:42:35', '2017-07-24 20:42:18', '8b4f60eb-cf1c-437d-bf0e-0d1b0eb8d0c3'),
 ('67', '67', 'en_us', 'joe', NULL, '1', '2017-07-24 18:40:32', '2017-07-24 20:38:32', '03f828a8-c05e-4721-940b-fb17df2a5c08'),
 ('68', '68', 'en_us', '', NULL, '1', '2017-07-24 20:35:27', '2017-07-24 20:42:18', 'c89cc4f3-92c2-45fc-8c3e-807910e8a9e1'),
 ('69', '69', 'en_us', '1-y3-a7165', NULL, '1', '2017-07-24 20:35:41', '2017-07-24 20:35:41', '5feda6ea-a1fb-4593-b861-9fce18514c0d'),
 ('70', '70', 'en_us', '1-y3-a7166', NULL, '1', '2017-07-24 20:35:41', '2017-07-24 20:35:42', 'd7895201-06a4-4df2-8e67-d901b52daa29'),
 ('71', '71', 'en_us', 'debbie', NULL, '1', '2017-07-24 20:38:24', '2017-07-24 20:38:24', '369b0132-fc3d-49a3-9abd-bfa5e2fa3cc2'),
 ('72', '72', 'en_us', 'gwen', NULL, '1', '2017-07-24 20:38:25', '2017-07-24 20:38:25', '6549609a-41df-44d1-a517-db9dcda9f1a7'),
 ('74', '74', 'en_us', 'ralph', NULL, '1', '2017-07-24 20:38:27', '2017-07-24 20:38:27', '1a5168b8-893c-45d6-87f1-68e5f3805ac8'),
 ('75', '75', 'en_us', 'ramona', NULL, '1', '2017-07-24 20:38:28', '2017-07-24 20:38:28', 'd58a1996-f36c-4d96-87f5-53b5b10c7872'),
 ('76', '76', 'en_us', 'tammy', NULL, '1', '2017-07-24 20:38:29', '2017-07-24 20:38:29', '954c493f-b68b-4cd0-827d-89f0dcaade23'),
 ('77', '77', 'en_us', '', NULL, '1', '2017-07-24 20:42:18', '2017-07-24 20:42:18', '3f9f929b-9490-49fc-a3e5-4ae0b5dfd4e8'),
 ('78', '78', 'en_us', '', NULL, '1', '2017-07-24 20:42:18', '2017-07-24 20:42:18', '425ed573-7b8a-4a1c-b5e3-df2cdaa8710e'),
 ('79', '79', 'en_us', '', NULL, '1', '2017-07-24 20:42:18', '2017-07-24 20:42:18', '23f91765-2367-4e3e-9f3c-db6369219bc5'),
 ('80', '80', 'en_us', '', NULL, '1', '2017-07-24 20:42:18', '2017-07-24 20:42:18', '71c63ebe-66f8-410e-9de1-b7c09f31f90b'),
 ('81', '81', 'en_us', '', NULL, '1', '2017-07-24 20:42:18', '2017-07-24 20:42:18', '626d7a9c-d154-49d0-b99a-3e8f570e7446'),
 ('82', '82', 'en_us', 'discover-more', 'discover', '1', '2017-07-25 17:11:12', '2017-07-27 17:00:31', '8dd5df22-3b2a-46bd-8a2d-0b00ef57d6e2'),
 ('83', '83', 'en_us', '', NULL, '1', '2017-07-26 16:18:25', '2017-07-26 17:39:09', 'e289e55a-8a22-4979-80cf-1c78d23f804b'),
 ('84', '84', 'en_us', 'quilters', NULL, '1', '2017-07-26 16:35:33', '2017-07-26 16:35:33', 'd82b5d85-6696-47e8-bd31-fc539d3827df'),
 ('85', '85', 'en_us', 'belong-3', NULL, '1', '2017-07-26 18:23:56', '2017-07-27 21:04:05', '3287e777-ad4e-45d1-8005-fe6672d624c1'),
 ('86', '86', 'en_us', 'belong-4', NULL, '1', '2017-07-26 18:23:59', '2017-07-26 18:23:59', '645a7698-ffe3-4680-808d-333457ffc258'),
 ('88', '88', 'en_us', 'belong1', NULL, '1', '2017-07-26 18:24:02', '2017-07-26 18:24:02', 'b7502a58-f01d-47a0-9480-0d5e9f88df85'),
 ('89', '89', 'en_us', 'bible-1', NULL, '1', '2017-07-26 18:24:05', '2017-07-26 18:24:05', 'e333006b-ae99-418a-8f11-7c9b1215dd00'),
 ('90', '90', 'en_us', 'bible', NULL, '1', '2017-07-26 18:24:08', '2017-07-26 18:24:08', '3a91b826-8a43-4581-9e0b-cb2116b6a118'),
 ('91', '91', 'en_us', 'calendar', NULL, '1', '2017-07-26 18:24:10', '2017-07-26 18:24:10', '38d81d25-e933-42d1-a23d-b2d5e6c7c096'),
 ('92', '92', 'en_us', 'children', NULL, '1', '2017-07-26 18:24:11', '2017-07-26 18:24:11', '978b465d-b851-4344-babf-1a6e67ef0da7'),
 ('93', '93', 'en_us', 'dsc-0097', NULL, '1', '2017-07-26 18:24:12', '2017-07-26 18:24:12', 'bd9a7cf2-cca5-44c9-8694-477bfbd26e1d'),
 ('94', '94', 'en_us', 'event', NULL, '1', '2017-07-26 18:24:14', '2017-07-27 20:57:45', 'b4c23895-6baf-407a-9a4b-8f18a8074cf0'),
 ('95', '95', 'en_us', 'giving-church-slide', NULL, '1', '2017-07-26 18:24:15', '2017-07-26 18:24:15', '3d459c55-218e-4c1a-922a-30010f01eb96'),
 ('96', '96', 'en_us', 'missions-1', NULL, '1', '2017-07-26 18:24:16', '2017-07-26 18:24:16', '54ea9b82-4c61-45a6-b83b-dca1c328cc11'),
 ('97', '97', 'en_us', 'missions-2', NULL, '1', '2017-07-26 18:24:17', '2017-07-26 18:24:17', '336b45e3-d4c7-430a-8265-57b44ed6e466'),
 ('98', '98', 'en_us', 'missions3', NULL, '1', '2017-07-26 18:24:18', '2017-07-27 21:04:12', '96cd5230-786e-4b96-9338-0bb61f0bb928'),
 ('99', '99', 'en_us', 'packing-sausage', NULL, '1', '2017-07-26 18:24:18', '2017-07-26 18:24:18', 'cd00fad7-5aee-44e9-93b0-216a159e7df6'),
 ('100', '100', 'en_us', 'people', NULL, '1', '2017-07-26 18:24:20', '2017-07-27 21:05:59', '8ba53698-9791-4749-9f37-c1d69818fe8c'),
 ('101', '101', 'en_us', 'pumpkins', NULL, '1', '2017-07-26 18:24:21', '2017-07-26 18:24:21', '784aadaa-2194-41c5-9e4d-7a7b3126c0ef'),
 ('102', '102', 'en_us', 'quilters', NULL, '1', '2017-07-26 18:24:22', '2017-07-26 18:24:22', '90263d77-726f-494c-9f99-edcac37d14b6'),
 ('103', '103', 'en_us', 'rainbow', NULL, '1', '2017-07-26 18:24:23', '2017-08-03 16:50:52', '505fc090-b8fc-4225-8c51-53723092671c'),
 ('104', '104', 'en_us', 'resurrection', NULL, '1', '2017-07-26 18:24:24', '2017-07-26 18:24:24', 'ce9c69a6-c710-4f8b-90bb-ce817528f302'),
 ('105', '105', 'en_us', 'sermon', NULL, '1', '2017-07-26 18:24:25', '2017-07-27 21:40:06', '5aa01763-f1d0-4c81-ba77-06894a295fab'),
 ('106', '106', 'en_us', 'serve', NULL, '1', '2017-07-26 18:24:26', '2017-07-26 18:24:26', 'dd8b7af2-c381-4e64-adf6-7c4c2a7c5660'),
 ('107', '107', 'en_us', 'study', NULL, '1', '2017-07-26 18:24:26', '2017-07-26 18:24:26', '9837a494-1050-46c9-9187-145347967834'),
 ('108', '108', 'en_us', 'study1', NULL, '1', '2017-07-26 18:24:28', '2017-07-26 18:24:28', 'a670956c-3076-47d1-bd3d-da690a919308'),
 ('109', '109', 'en_us', 'study2', NULL, '1', '2017-07-26 18:24:29', '2017-07-26 18:24:29', 'ec9998a2-cbc7-42fa-846f-85796ba474a3'),
 ('110', '110', 'en_us', 'teacher', NULL, '1', '2017-07-26 18:24:29', '2017-07-26 18:24:29', '960e1fee-4b9f-467f-9a50-f98fa3c61a99'),
 ('111', '111', 'en_us', 'welcome', NULL, '1', '2017-07-26 18:24:31', '2017-07-26 18:24:31', '21432edb-a8f7-48cc-bdde-6bba677328fe'),
 ('112', '112', 'en_us', 'people', NULL, '1', '2017-07-26 19:23:31', '2017-07-26 19:23:31', '3994b474-c88a-4264-bea8-2c31883441c9'),
 ('113', '113', 'en_us', '', NULL, '1', '2017-07-26 21:47:29', '2017-07-27 16:54:42', '1e207da8-42eb-40bc-a3d3-b960d05899ad'),
 ('115', '115', 'en_us', 'serve', 'serve', '1', '2017-07-27 02:35:42', '2017-07-27 02:35:42', '9e612ec0-64fe-4734-834d-9fd8508ab5f6'),
 ('116', '116', 'en_us', 'belong', 'belong', '1', '2017-07-27 02:44:08', '2017-08-01 02:42:38', '1b6b00bf-a9a5-4020-9968-f82800761d9b'),
 ('117', '117', 'en_us', 'good-good-father', NULL, '1', '2017-07-27 02:53:45', '2017-07-27 02:53:45', '6620f870-2f04-4a8e-b460-d38725e70435'),
 ('121', '121', 'en_us', '', NULL, '1', '2017-07-27 14:10:37', '2017-07-27 15:00:56', '3d57f605-8a6e-44ec-9010-3867e72bffca'),
 ('122', '122', 'en_us', '', NULL, '1', '2017-07-27 14:32:48', '2017-07-27 15:00:56', '4a58acb7-e4b1-464a-a9eb-06cd05de94f6'),
 ('123', '123', 'en_us', '', NULL, '1', '2017-07-27 15:03:29', '2017-08-04 16:26:09', '7b3ba1c5-9bc4-42b1-ac35-c555b198fced'),
 ('124', '124', 'en_us', '', NULL, '1', '2017-07-27 17:14:40', '2017-07-27 21:09:49', '8a68eb54-ca51-42a6-b34b-31beb3c62dd2'),
 ('125', '125', 'en_us', '1-y3-a7191', NULL, '1', '2017-07-27 17:15:56', '2017-07-27 17:15:56', '02e117ae-f83b-4e6b-be3d-f155047e6e91'),
 ('126', '126', 'en_us', '1-y3-a7225', NULL, '1', '2017-07-27 17:16:51', '2017-07-27 17:16:51', '066dcdb7-e3b8-47bb-8502-c80676fb3f93'),
 ('127', '127', 'en_us', 'worship', NULL, '1', '2017-07-27 17:23:56', '2017-07-27 21:13:30', 'c3cf675d-4194-4ac8-b621-e8d189ffc593'),
 ('135', '135', 'en_us', 'campshed', NULL, '1', '2017-07-27 21:15:18', '2017-07-27 21:17:37', 'c3cc9162-3a0a-4460-b632-fd1e43670ce2'),
 ('137', '137', 'en_us', 'children', NULL, '1', '2017-07-28 17:48:32', '2017-07-28 17:48:32', 'be657ff6-f593-45a8-a0e5-f8c16e42b8c3'),
 ('138', '138', 'en_us', 'children-cover', NULL, '1', '2017-07-28 17:56:46', '2017-07-28 17:56:46', '4ffdcb50-6480-4cfb-b50f-6a5e5785add5'),
 ('139', '139', 'en_us', '', NULL, '1', '2017-07-28 17:56:55', '2017-07-28 17:56:55', 'a6d4f96f-22cd-459d-839f-79b6c8804e08'),
 ('140', '140', 'en_us', 'harvest-festival', 'events/harvest-festival', '1', '2017-08-01 02:32:37', '2017-08-03 16:55:26', '1eafa42f-35c7-416d-bf6b-e8ef869b9a3f'),
 ('141', '141', 'en_us', '', NULL, '1', '2017-08-01 02:42:38', '2017-08-01 02:42:38', 'b57781a1-ff28-414f-a2a8-746d476718b0'),
 ('142', '142', 'en_us', 'another-event', 'events/another-event', '1', '2017-08-02 01:53:41', '2017-08-03 17:07:47', 'd66e5650-cb32-42e1-b685-5e75f3d840a4'),
 ('143', '143', 'en_us', 'jesus', NULL, '1', '2017-08-02 02:14:09', '2017-08-02 02:14:09', '57828d5d-76b8-4fb4-bb07-76720c48ce14'),
 ('144', '144', 'en_us', 'testing-sermon', 'sermons/testing-sermon', '1', '2017-08-02 02:14:20', '2017-08-02 02:43:31', '3c2e65c5-0282-4d18-8b64-48944ea95970'),
 ('145', '145', 'en_us', 'glorious-day', NULL, '1', '2017-08-02 02:34:25', '2017-08-02 02:34:25', '1df94c36-db5d-4e26-879b-5e8da0f556a0'),
 ('146', '146', 'en_us', 'how-great-is-your-love-live', NULL, '1', '2017-08-02 02:43:28', '2017-08-02 02:43:28', 'b0254d32-c119-4de3-b177-f3dee7c09c3a'),
 ('147', '147', 'en_us', 'another-sermon', 'sermons/another-sermon', '1', '2017-08-02 02:44:01', '2017-08-02 02:44:01', 'f7dbd529-08e1-4cc1-8315-a5a72aa78665'),
 ('148', '148', 'en_us', '', NULL, '1', '2017-08-03 15:52:36', '2017-08-03 15:59:06', 'c17f414f-865f-4a27-afa7-7a4988ad0aa1'),
 ('149', '149', 'en_us', '2017-pricing-guide', NULL, '1', '2017-08-03 15:55:17', '2017-08-03 15:55:17', '9399ae32-b9b0-433d-8a8b-af3d35b66d10');
INSERT INTO `craft_elements_i18n` (`id`, `elementId`, `locale`, `slug`, `uri`, `enabled`, `dateCreated`, `dateUpdated`, `uid`) VALUES
 ('151', '151', 'en_us', '', NULL, '1', '2017-08-04 15:49:20', '2017-08-04 16:26:09', '640fb24c-e9ae-40f7-82ef-7d6f90ccc258');



DROP TABLE IF EXISTS `craft_emailmessages`;


--
-- Schema for table `craft_emailmessages`
--
CREATE TABLE `craft_emailmessages` (
  `id` int(11) NOT NULL AUTO_INCREMENT,
  `key` char(150) COLLATE utf8_unicode_ci NOT NULL,
  `locale` char(12) COLLATE utf8_unicode_ci NOT NULL,
  `subject` varchar(1000) COLLATE utf8_unicode_ci NOT NULL,
  `body` text COLLATE utf8_unicode_ci NOT NULL,
  `dateCreated` datetime NOT NULL,
  `dateUpdated` datetime NOT NULL,
  `uid` char(36) COLLATE utf8_unicode_ci NOT NULL DEFAULT '0',
  PRIMARY KEY (`id`),
  UNIQUE KEY `craft_emailmessages_key_locale_unq_idx` (`key`,`locale`),
  KEY `craft_emailmessages_locale_fk` (`locale`)
) ENGINE=InnoDB DEFAULT CHARSET=utf8 COLLATE=utf8_unicode_ci;

DROP TABLE IF EXISTS `craft_entries`;


--
-- Schema for table `craft_entries`
--
CREATE TABLE `craft_entries` (
  `id` int(11) NOT NULL,
  `sectionId` int(11) NOT NULL,
  `typeId` int(11) DEFAULT NULL,
  `authorId` int(11) DEFAULT NULL,
  `postDate` datetime DEFAULT NULL,
  `expiryDate` datetime DEFAULT NULL,
  `dateCreated` datetime NOT NULL,
  `dateUpdated` datetime NOT NULL,
  `uid` char(36) COLLATE utf8_unicode_ci NOT NULL DEFAULT '0',
  PRIMARY KEY (`id`),
  KEY `craft_entries_sectionId_idx` (`sectionId`),
  KEY `craft_entries_typeId_idx` (`typeId`),
  KEY `craft_entries_postDate_idx` (`postDate`),
  KEY `craft_entries_expiryDate_idx` (`expiryDate`),
  KEY `craft_entries_authorId_fk` (`authorId`)
) ENGINE=InnoDB DEFAULT CHARSET=utf8 COLLATE=utf8_unicode_ci;

--
-- Data for table `craft_entries`
--

INSERT INTO `craft_entries` (`id`, `sectionId`, `typeId`, `authorId`, `postDate`, `expiryDate`, `dateCreated`, `dateUpdated`, `uid`) VALUES
 ('2', '1', NULL, NULL, '2017-06-12 15:44:24', NULL, '2017-06-12 15:44:24', '2017-07-27 16:54:42', '95535345-cfc6-4cd3-bbda-1995473d850f'),
 ('15', '7', '7', '1', '2017-06-14 18:23:00', NULL, '2017-06-14 18:23:37', '2017-07-07 15:08:46', 'f53c9e01-bab0-45d8-aca6-610aa861b613'),
 ('16', '7', '7', '1', '2017-06-14 18:23:43', NULL, '2017-06-14 18:23:43', '2017-06-14 18:23:43', '4c3083db-e931-430b-b247-ab9c7f3c74ad'),
 ('17', '7', '7', '1', '2017-06-14 18:23:52', NULL, '2017-06-14 18:23:52', '2017-06-14 18:23:52', 'fc796282-b902-4959-8e0f-bdab99a7f2a4'),
 ('18', '7', '7', '1', '2017-06-14 18:24:00', NULL, '2017-06-14 18:24:00', '2017-06-14 18:24:00', '0585bf65-d7a9-43ae-8041-14635f5c9531'),
 ('19', '7', '7', '1', '2017-06-14 18:24:00', NULL, '2017-06-14 18:24:28', '2017-07-27 17:07:34', 'bbf5756d-6387-465a-b31e-3b77443c1104'),
 ('20', '7', '7', '1', '2017-06-14 18:24:00', NULL, '2017-06-14 18:24:43', '2017-07-27 21:15:44', 'b5966353-401f-40f1-ac8d-8f2fbf68496b'),
 ('21', '7', '7', '1', '2017-06-14 18:24:55', NULL, '2017-06-14 18:24:55', '2017-06-14 18:24:55', '1ed15bd2-af57-488c-9a7e-c0ceaaccdaa3'),
 ('22', '7', '7', '1', '2017-06-14 18:25:13', NULL, '2017-06-14 18:25:13', '2017-06-14 18:25:13', 'b2a0df23-9bc1-4e06-93ea-df0b902c525e'),
 ('28', '7', '7', '1', '2017-07-07 15:56:00', NULL, '2017-07-07 15:56:59', '2017-07-28 17:56:55', '7834ea64-ccee-4629-a091-abfb326a1ddb'),
 ('29', '7', '7', '1', '2017-07-07 15:57:14', NULL, '2017-07-07 15:57:14', '2017-07-07 15:57:14', '85685809-641c-452a-a659-fd9d05db6ae6'),
 ('30', '7', '7', '1', '2017-07-07 15:57:46', NULL, '2017-07-07 15:57:46', '2017-07-07 15:57:46', '5f7aa5a2-b2dc-4c00-9087-9ccbf6db157b'),
 ('31', '7', '7', '1', '2017-07-07 15:57:00', NULL, '2017-07-07 15:57:58', '2017-07-27 21:09:49', '03f1462c-ea28-4253-8ef7-dae9755040fb'),
 ('32', '7', '7', '1', '2017-07-07 15:58:27', NULL, '2017-07-07 15:58:27', '2017-07-07 15:58:27', 'da7eedd8-14f2-4fc0-b2c8-ccf8b88d7306'),
 ('33', '7', '7', '1', '2017-07-07 15:58:00', NULL, '2017-07-07 15:58:44', '2017-07-26 16:35:45', 'f0931d59-56f5-4652-8084-a829d61b1007'),
 ('34', '7', '7', '1', '2017-07-07 15:59:00', NULL, '2017-07-07 15:59:00', '2017-07-07 15:59:00', '4a18a6c2-2459-4d01-b737-22f9964f8b36'),
 ('35', '7', '7', '1', '2017-07-11 17:56:00', NULL, '2017-07-11 17:56:46', '2017-07-27 15:00:56', '949b6b6a-da4c-48e1-8dec-45fcb9900f3e'),
 ('36', '7', '7', '1', '2017-07-11 18:00:00', NULL, '2017-07-11 18:00:09', '2017-07-24 20:42:18', '1602ff9d-2664-4db9-8367-8acdb4645938'),
 ('37', '7', '7', '1', '2017-07-11 18:00:00', NULL, '2017-07-11 18:00:26', '2017-08-04 16:26:09', '5657733a-3d24-461e-8e83-5db80830b104'),
 ('38', '7', '7', '1', '2017-07-20 16:42:57', NULL, '2017-07-20 16:42:57', '2017-07-20 16:42:57', 'fdcb3113-59fd-4ce0-9f9d-138828249488'),
 ('39', '7', '7', '1', '2017-07-20 16:44:28', NULL, '2017-07-20 16:44:28', '2017-07-20 16:44:28', 'd4e338d5-61d0-4be3-960c-59aa5a481160'),
 ('40', '7', '7', '1', '2017-07-20 16:44:48', NULL, '2017-07-20 16:44:48', '2017-07-20 16:44:48', '052c92f5-6cec-455e-aeb0-0c2be2d0178c'),
 ('41', '7', '7', '1', '2017-07-20 16:45:00', NULL, '2017-07-20 16:45:16', '2017-07-26 17:39:09', '1e6e89dc-b4a1-4418-95d8-46fb242decd6'),
 ('82', '9', '9', NULL, '2017-07-27 17:00:30', NULL, '2017-07-25 17:11:12', '2017-07-27 17:00:30', '9b17aec7-118f-4acf-8d38-32c4da5cceb4'),
 ('115', '10', NULL, NULL, '2017-07-27 02:35:42', NULL, '2017-07-27 02:35:42', '2017-07-27 02:35:42', '22a9dbf1-4d64-42ef-9ed2-bb27995490bd'),
 ('116', '11', NULL, NULL, '2017-07-27 02:44:08', NULL, '2017-07-27 02:44:08', '2017-08-01 02:42:38', '1db239dc-389a-4983-ac7f-d0f798c7b085'),
 ('140', '8', '8', '1', '2017-08-01 02:32:00', NULL, '2017-08-01 02:32:37', '2017-08-03 16:55:26', 'dba61be2-3341-41a0-965e-05afd0c1c576'),
 ('142', '8', '8', '1', '2017-08-03 01:53:00', NULL, '2017-08-02 01:53:41', '2017-08-03 17:07:47', '43fa763c-de2e-4623-9b96-9c8653024b74'),
 ('144', '2', '2', '1', '2017-08-02 02:14:00', NULL, '2017-08-02 02:14:20', '2017-08-02 02:43:31', '0d56aab8-e125-4457-ae51-5f704f08d1d9'),
 ('147', '2', '2', '1', '2017-08-02 02:44:01', NULL, '2017-08-02 02:44:01', '2017-08-02 02:44:01', 'a49f9265-35b5-486a-9236-a26758810c90');



DROP TABLE IF EXISTS `craft_entrydrafts`;


--
-- Schema for table `craft_entrydrafts`
--
CREATE TABLE `craft_entrydrafts` (
  `id` int(11) NOT NULL AUTO_INCREMENT,
  `entryId` int(11) NOT NULL,
  `sectionId` int(11) NOT NULL,
  `creatorId` int(11) NOT NULL,
  `locale` char(12) COLLATE utf8_unicode_ci NOT NULL,
  `name` varchar(255) COLLATE utf8_unicode_ci NOT NULL,
  `notes` tinytext COLLATE utf8_unicode_ci,
  `data` mediumtext COLLATE utf8_unicode_ci NOT NULL,
  `dateCreated` datetime NOT NULL,
  `dateUpdated` datetime NOT NULL,
  `uid` char(36) COLLATE utf8_unicode_ci NOT NULL DEFAULT '0',
  PRIMARY KEY (`id`),
  KEY `craft_entrydrafts_entryId_locale_idx` (`entryId`,`locale`),
  KEY `craft_entrydrafts_sectionId_fk` (`sectionId`),
  KEY `craft_entrydrafts_creatorId_fk` (`creatorId`),
  KEY `craft_entrydrafts_locale_fk` (`locale`)
) ENGINE=InnoDB DEFAULT CHARSET=utf8 COLLATE=utf8_unicode_ci;

DROP TABLE IF EXISTS `craft_entrytypes`;


--
-- Schema for table `craft_entrytypes`
--
CREATE TABLE `craft_entrytypes` (
  `id` int(11) NOT NULL AUTO_INCREMENT,
  `sectionId` int(11) NOT NULL,
  `fieldLayoutId` int(11) DEFAULT NULL,
  `name` varchar(255) COLLATE utf8_unicode_ci NOT NULL,
  `handle` varchar(255) COLLATE utf8_unicode_ci NOT NULL,
  `hasTitleField` tinyint(1) unsigned NOT NULL DEFAULT '1',
  `titleLabel` varchar(255) COLLATE utf8_unicode_ci DEFAULT 'Title',
  `titleFormat` varchar(255) COLLATE utf8_unicode_ci DEFAULT NULL,
  `sortOrder` smallint(6) unsigned DEFAULT NULL,
  `dateCreated` datetime NOT NULL,
  `dateUpdated` datetime NOT NULL,
  `uid` char(36) COLLATE utf8_unicode_ci NOT NULL DEFAULT '0',
  PRIMARY KEY (`id`),
  UNIQUE KEY `craft_entrytypes_name_sectionId_unq_idx` (`name`,`sectionId`),
  UNIQUE KEY `craft_entrytypes_handle_sectionId_unq_idx` (`handle`,`sectionId`),
  KEY `craft_entrytypes_sectionId_fk` (`sectionId`),
  KEY `craft_entrytypes_fieldLayoutId_fk` (`fieldLayoutId`)
) ENGINE=InnoDB AUTO_INCREMENT=12 DEFAULT CHARSET=utf8 COLLATE=utf8_unicode_ci;

--
-- Data for table `craft_entrytypes`
--

INSERT INTO `craft_entrytypes` (`id`, `sectionId`, `fieldLayoutId`, `name`, `handle`, `hasTitleField`, `titleLabel`, `titleFormat`, `sortOrder`, `dateCreated`, `dateUpdated`, `uid`) VALUES
 ('1', '1', '107', 'Homepage', 'homepage', '1', 'Title', NULL, '1', '2017-06-12 15:44:24', '2017-07-26 21:46:20', 'c4df8501-5a57-44b1-a79f-4d18e1a947c7'),
 ('2', '2', '162', 'Sermon Page', 'sermonPage', '0', NULL, '{sermonTitle}', '1', '2017-06-12 15:44:24', '2017-08-02 02:16:12', '308c649b-6c6f-4f78-aa4e-5ba00ac5a600'),
 ('7', '7', '103', 'Pages', 'pages', '1', 'Title', NULL, '1', '2017-06-14 18:19:46', '2017-07-26 17:38:34', '42b08722-0df7-44be-8379-983be0aa094d'),
 ('8', '8', '168', 'Events', 'events', '0', NULL, '{eventTitle}', '1', '2017-07-20 16:48:52', '2017-08-03 16:48:44', 'ebba2ec1-fc30-42d9-a112-d619650e1195'),
 ('9', '9', '146', 'Discover More', 'discoverMore', '1', 'Title', NULL, '1', '2017-07-25 17:11:12', '2017-07-27 16:59:56', '9d707b3c-6e60-47bc-9dfe-58515a007227'),
 ('10', '10', '155', 'Serve', 'serve', '0', NULL, '{section.name|raw}', '1', '2017-07-27 02:35:42', '2017-08-01 02:43:40', '41ecf2c5-7808-4dcd-b8bb-789feb5b292c'),
 ('11', '11', '156', 'Belong', 'belong', '1', 'Title', NULL, '1', '2017-07-27 02:44:08', '2017-08-01 02:43:57', 'f886af23-e9ba-416e-8718-c4953604f018');



DROP TABLE IF EXISTS `craft_entryversions`;


--
-- Schema for table `craft_entryversions`
--
CREATE TABLE `craft_entryversions` (
  `id` int(11) NOT NULL AUTO_INCREMENT,
  `entryId` int(11) NOT NULL,
  `sectionId` int(11) NOT NULL,
  `creatorId` int(11) DEFAULT NULL,
  `locale` char(12) COLLATE utf8_unicode_ci NOT NULL,
  `num` smallint(6) unsigned NOT NULL,
  `notes` tinytext COLLATE utf8_unicode_ci,
  `data` mediumtext COLLATE utf8_unicode_ci NOT NULL,
  `dateCreated` datetime NOT NULL,
  `dateUpdated` datetime NOT NULL,
  `uid` char(36) COLLATE utf8_unicode_ci NOT NULL DEFAULT '0',
  PRIMARY KEY (`id`),
  KEY `craft_entryversions_entryId_locale_idx` (`entryId`,`locale`),
  KEY `craft_entryversions_sectionId_fk` (`sectionId`),
  KEY `craft_entryversions_creatorId_fk` (`creatorId`),
  KEY `craft_entryversions_locale_fk` (`locale`)
) ENGINE=InnoDB AUTO_INCREMENT=158 DEFAULT CHARSET=utf8 COLLATE=utf8_unicode_ci;

--
-- Data for table `craft_entryversions`
--

INSERT INTO `craft_entryversions` (`id`, `entryId`, `sectionId`, `creatorId`, `locale`, `num`, `notes`, `data`, `dateCreated`, `dateUpdated`, `uid`) VALUES
 ('1', '2', '1', '1', 'en_us', '1', NULL, '{\"typeId\":\"1\",\"authorId\":null,\"title\":\"Homepage\",\"slug\":\"homepage\",\"postDate\":1497282264,\"expiryDate\":null,\"enabled\":1,\"parentId\":null,\"fields\":[]}', '2017-06-12 15:44:24', '2017-06-12 15:44:24', 'c19a26db-9195-4b45-8416-efdb21a4aee1'),
 ('2', '2', '1', '1', 'en_us', '2', NULL, '{\"typeId\":null,\"authorId\":null,\"title\":\"Welcome to Sulphurspringsumc.dev!\",\"slug\":\"homepage\",\"postDate\":1497282264,\"expiryDate\":null,\"enabled\":\"1\",\"parentId\":null,\"fields\":{\"1\":\"<p>It\\u2019s true, this site doesn\\u2019t have a whole lot of content yet, but don\\u2019t worry. Our web developers have just installed the CMS, and they\\u2019re setting things up for the content editors this very moment. Soon Sulphurspringsumc.dev will be an oasis of fresh perspectives, sharp analyses, and astute opinions that will keep you coming back again and again.<\\/p>\"}}', '2017-06-12 15:44:24', '2017-06-12 15:44:24', '45a9ef7f-15fd-426f-8ddd-73693196c008'),
 ('8', '2', '1', '1', 'en_us', '3', '', '{\"typeId\":null,\"authorId\":null,\"title\":\"Welcome to Sulphur Springs United Methodist Church!\",\"slug\":\"homepage\",\"postDate\":1497282264,\"expiryDate\":null,\"enabled\":1,\"parentId\":null,\"fields\":{\"4\":\"\"}}', '2017-06-14 15:36:07', '2017-06-14 15:36:07', 'ab846a67-4f39-438a-a7e6-df464a57d888'),
 ('9', '2', '1', '1', 'en_us', '4', '', '{\"typeId\":null,\"authorId\":null,\"title\":\"Welcome to Sulphur Springs United Methodist Church!\",\"slug\":\"homepage\",\"postDate\":1497282264,\"expiryDate\":null,\"enabled\":1,\"parentId\":null,\"fields\":{\"4\":{\"new1\":{\"type\":\"addSlide\",\"enabled\":\"1\",\"fields\":{\"addContent\":[\"10\"],\"slideText\":\"rthrehte\",\"buttonText\":\"\"}}}}}', '2017-06-14 15:49:06', '2017-06-14 15:49:06', '67431f0a-f2d1-442b-a437-6742eee6f98d'),
 ('10', '2', '1', '1', 'en_us', '5', '', '{\"typeId\":null,\"authorId\":null,\"title\":\"Welcome to Sulphur Springs United Methodist Church!\",\"slug\":\"homepage\",\"postDate\":1497282264,\"expiryDate\":null,\"enabled\":1,\"parentId\":null,\"fields\":{\"4\":{\"11\":{\"type\":\"addSlide\",\"enabled\":\"1\",\"fields\":{\"addContent\":[\"10\"],\"slideText\":\"\",\"buttonText\":\"\"}}}}}', '2017-06-14 15:49:54', '2017-06-14 15:49:54', '59d84ee0-4251-4cb0-87fe-295f4926617b'),
 ('13', '15', '7', '1', 'en_us', '1', '', '{\"typeId\":null,\"authorId\":\"1\",\"title\":\"I\'m New\",\"slug\":\"im-new\",\"postDate\":1497464616,\"expiryDate\":null,\"enabled\":1,\"parentId\":\"\",\"fields\":[]}', '2017-06-14 18:23:37', '2017-06-14 18:23:37', 'a428a658-8c34-4f0f-acdc-eea8d11e7ace'),
 ('14', '16', '7', '1', 'en_us', '1', '', '{\"typeId\":null,\"authorId\":\"1\",\"title\":\"Connect\",\"slug\":\"connect\",\"postDate\":1497464623,\"expiryDate\":null,\"enabled\":1,\"parentId\":\"\",\"fields\":[]}', '2017-06-14 18:23:43', '2017-06-14 18:23:43', 'a7ae96d3-6376-4667-a0f2-35705cf7e07c'),
 ('15', '17', '7', '1', 'en_us', '1', '', '{\"typeId\":null,\"authorId\":\"1\",\"title\":\"Missions\",\"slug\":\"missions\",\"postDate\":1497464632,\"expiryDate\":null,\"enabled\":1,\"parentId\":\"\",\"fields\":[]}', '2017-06-14 18:23:52', '2017-06-14 18:23:52', 'd7fe13af-7e14-4163-8992-f4a9070cb7b6'),
 ('16', '18', '7', '1', 'en_us', '1', '', '{\"typeId\":null,\"authorId\":\"1\",\"title\":\"Contact\",\"slug\":\"contact\",\"postDate\":1497464640,\"expiryDate\":null,\"enabled\":1,\"parentId\":\"\",\"fields\":[]}', '2017-06-14 18:24:00', '2017-06-14 18:24:00', 'ff169f9c-2fb4-4e0a-8f6d-3b0efeda1602'),
 ('17', '19', '7', '1', 'en_us', '1', '', '{\"typeId\":null,\"authorId\":\"1\",\"title\":\"About Our Church\",\"slug\":\"about-our-church\",\"postDate\":1497464668,\"expiryDate\":null,\"enabled\":1,\"parentId\":\"15\",\"fields\":[]}', '2017-06-14 18:24:28', '2017-06-14 18:24:28', '1d067bb7-ae70-484f-bdab-61e700814653'),
 ('18', '20', '7', '1', 'en_us', '1', '', '{\"typeId\":null,\"authorId\":\"1\",\"title\":\"History\",\"slug\":\"history\",\"postDate\":1497464683,\"expiryDate\":null,\"enabled\":1,\"parentId\":\"15\",\"fields\":[]}', '2017-06-14 18:24:43', '2017-06-14 18:24:43', 'f45be9a7-9096-4122-917e-95b10ac35659'),
 ('19', '21', '7', '1', 'en_us', '1', '', '{\"typeId\":null,\"authorId\":\"1\",\"title\":\"What We Believe\",\"slug\":\"what-we-believe\",\"postDate\":1497464695,\"expiryDate\":null,\"enabled\":1,\"parentId\":\"15\",\"fields\":[]}', '2017-06-14 18:24:55', '2017-06-14 18:24:55', 'a536d551-793c-4fc2-be0e-3565178e69e5'),
 ('20', '22', '7', '1', 'en_us', '1', '', '{\"typeId\":null,\"authorId\":\"1\",\"title\":\"Membership\",\"slug\":\"membership\",\"postDate\":1497464713,\"expiryDate\":null,\"enabled\":1,\"parentId\":\"15\",\"fields\":[]}', '2017-06-14 18:25:13', '2017-06-14 18:25:13', 'ca7db656-1339-4f1b-b274-d6021f42dbd9'),
 ('21', '2', '1', '1', 'en_us', '6', '', '{\"typeId\":null,\"authorId\":null,\"title\":\"Welcome to Sulphur Springs United Methodist Church!\",\"slug\":\"homepage\",\"postDate\":1497282264,\"expiryDate\":null,\"enabled\":1,\"parentId\":null,\"fields\":{\"4\":{\"11\":{\"type\":\"addSlide\",\"enabled\":\"1\",\"fields\":{\"image\":[\"10\"],\"slideText\":\"Welcome\",\"buttonText\":\"\",\"buttonUrl\":\"\"}}}}}', '2017-06-14 19:23:28', '2017-06-14 19:23:28', 'be417ed1-075b-4695-a91e-e49aa4fbbe0e'),
 ('22', '2', '1', '1', 'en_us', '7', '', '{\"typeId\":null,\"authorId\":null,\"title\":\"Welcome to Sulphur Springs United Methodist Church!\",\"slug\":\"homepage\",\"postDate\":1497282264,\"expiryDate\":null,\"enabled\":1,\"parentId\":null,\"fields\":{\"4\":{\"11\":{\"type\":\"addSlide\",\"enabled\":\"1\",\"fields\":{\"image\":[\"10\"],\"slideText\":\"Welcome\",\"buttonText\":\"\",\"buttonUrl\":\"\"}}}}}', '2017-06-14 19:27:54', '2017-06-14 19:27:54', '45f0cf96-d06b-4eef-9412-3fd54be97d93'),
 ('23', '2', '1', '1', 'en_us', '8', '', '{\"typeId\":null,\"authorId\":null,\"title\":\"Welcome to Sulphur Springs United Methodist Church!\",\"slug\":\"homepage\",\"postDate\":1497282264,\"expiryDate\":null,\"enabled\":1,\"parentId\":null,\"fields\":{\"4\":{\"11\":{\"type\":\"addSlide\",\"enabled\":\"1\",\"fields\":{\"image\":[\"10\"],\"slideText\":\"Welcome\",\"buttonText\":\"\",\"buttonUrl\":\"\"}}}}}', '2017-06-14 19:50:42', '2017-06-14 19:50:42', '1592c1fc-df62-4877-be93-59cde20f085c'),
 ('24', '2', '1', '1', 'en_us', '9', '', '{\"typeId\":null,\"authorId\":null,\"title\":\"Welcome to Sulphur Springs United Methodist Church!\",\"slug\":\"homepage\",\"postDate\":1497282264,\"expiryDate\":null,\"enabled\":1,\"parentId\":null,\"fields\":{\"4\":{\"11\":{\"type\":\"addSlide\",\"enabled\":\"1\",\"fields\":{\"image\":[\"24\"],\"slideText\":\"Welcome\",\"buttonText\":\"\",\"buttonUrl\":\"\"}}}}}', '2017-06-14 19:52:19', '2017-06-14 19:52:19', '10e1db76-1e21-442a-a18e-1110aac4ff9e'),
 ('25', '2', '1', '1', 'en_us', '10', '', '{\"typeId\":null,\"authorId\":null,\"title\":\"Welcome to Sulphur Springs United Methodist Church!\",\"slug\":\"homepage\",\"postDate\":1497282264,\"expiryDate\":null,\"enabled\":1,\"parentId\":null,\"fields\":{\"4\":{\"11\":{\"type\":\"addSlide\",\"enabled\":\"1\",\"fields\":{\"image\":[\"25\"],\"slideText\":\"Welcome\",\"buttonText\":\"\",\"buttonUrl\":\"\"}}}}}', '2017-06-14 19:58:03', '2017-06-14 19:58:03', '28f43d05-a3fe-4c8a-bc03-365e8865a050'),
 ('26', '2', '1', '1', 'en_us', '11', '', '{\"typeId\":null,\"authorId\":null,\"title\":\"Welcome to Sulphur Springs United Methodist Church!\",\"slug\":\"homepage\",\"postDate\":1497282264,\"expiryDate\":null,\"enabled\":1,\"parentId\":null,\"fields\":{\"4\":{\"11\":{\"type\":\"addSlide\",\"enabled\":\"1\",\"fields\":{\"image\":[\"25\"],\"slideText\":\"Welcome\",\"buttonText\":\"\",\"buttonUrl\":\"\"}}}}}', '2017-06-20 17:24:35', '2017-06-20 17:24:35', '0c3a9e62-0e4f-4103-a48e-3e31fb524063'),
 ('27', '2', '1', '1', 'en_us', '12', '', '{\"typeId\":null,\"authorId\":null,\"title\":\"Welcome to Sulphur Springs United Methodist Church!\",\"slug\":\"homepage\",\"postDate\":1497282264,\"expiryDate\":null,\"enabled\":1,\"parentId\":null,\"fields\":{\"4\":{\"11\":{\"type\":\"addSlide\",\"enabled\":\"1\",\"fields\":{\"image\":[\"25\"],\"slideText\":\"Hello\",\"buttonText\":\"\",\"buttonUrl\":\"\"}}}}}', '2017-06-20 17:25:08', '2017-06-20 17:25:08', 'f2bff394-1a24-43a2-93c5-a4f2c2179fa4'),
 ('28', '2', '1', '1', 'en_us', '13', '', '{\"typeId\":null,\"authorId\":null,\"title\":\"Welcome to Sulphur Springs United Methodist Church!\",\"slug\":\"homepage\",\"postDate\":1497282264,\"expiryDate\":null,\"enabled\":1,\"parentId\":null,\"fields\":{\"4\":{\"11\":{\"type\":\"addSlide\",\"enabled\":\"1\",\"fields\":{\"image\":[\"25\"],\"slideText\":\"Serving Others\",\"buttonText\":\"\",\"buttonUrl\":\"\"}}}}}', '2017-06-20 17:26:58', '2017-06-20 17:26:58', 'dac74608-888f-400e-a507-25a752331dd1'),
 ('29', '2', '1', '1', 'en_us', '14', '', '{\"typeId\":null,\"authorId\":null,\"title\":\"Welcome to Sulphur Springs United Methodist Church!\",\"slug\":\"homepage\",\"postDate\":1497282264,\"expiryDate\":null,\"enabled\":1,\"parentId\":null,\"fields\":{\"4\":{\"11\":{\"type\":\"addSlide\",\"enabled\":\"1\",\"fields\":{\"image\":[\"25\"],\"slideText\":\"Serving Others\",\"buttonText\":\"<p>Discover More<\\/p>\",\"buttonUrl\":\"\"}}}}}', '2017-06-28 16:44:52', '2017-06-28 16:44:52', '9cd3216f-de27-4d5a-a291-0c80c3c36cb1'),
 ('30', '2', '1', '1', 'en_us', '15', '', '{\"typeId\":null,\"authorId\":null,\"title\":\"Welcome to Sulphur Springs United Methodist Church!\",\"slug\":\"homepage\",\"postDate\":1497282264,\"expiryDate\":null,\"enabled\":1,\"parentId\":null,\"fields\":{\"4\":{\"11\":{\"type\":\"addSlide\",\"enabled\":\"1\",\"fields\":{\"image\":[\"25\"],\"slideText\":\"Serving Others\",\"buttonText\":\"Discover More\",\"buttonUrl\":\"\"}}}}}', '2017-06-28 16:49:40', '2017-06-28 16:49:40', '5bac20d2-3694-47d7-ab0f-afa7b7919f39'),
 ('31', '2', '1', '1', 'en_us', '16', '', '{\"typeId\":null,\"authorId\":null,\"title\":\"Welcome to Sulphur Springs United Methodist Church!\",\"slug\":\"homepage\",\"postDate\":1497282264,\"expiryDate\":null,\"enabled\":1,\"parentId\":null,\"fields\":{\"4\":{\"11\":{\"type\":\"addSlide\",\"enabled\":\"1\",\"fields\":{\"image\":[\"25\"],\"slideText\":\"Serving Others\",\"buttonText\":\"What is this all about?\",\"buttonUrl\":\"\"}}}}}', '2017-06-28 18:40:14', '2017-06-28 18:40:14', 'd1e68ab7-7cc4-4c2d-8556-ae95f718a699'),
 ('32', '2', '1', '1', 'en_us', '17', '', '{\"typeId\":null,\"authorId\":null,\"title\":\"Welcome to Sulphur Springs United Methodist Church!\",\"slug\":\"homepage\",\"postDate\":1497282264,\"expiryDate\":null,\"enabled\":1,\"parentId\":null,\"fields\":{\"4\":{\"11\":{\"type\":\"addSlide\",\"enabled\":\"1\",\"fields\":{\"image\":[\"25\"],\"slideText\":\"Serving Others\",\"buttonText\":\"Discover More\",\"buttonUrl\":\"\"}}}}}', '2017-06-28 18:41:52', '2017-06-28 18:41:52', '86e47290-8f84-4e04-b521-e9e04615b11a'),
 ('33', '15', '7', '1', 'en_us', '2', '', '{\"typeId\":\"7\",\"authorId\":\"1\",\"title\":\"I\'m New\",\"slug\":\"imnew\",\"postDate\":1497464580,\"expiryDate\":null,\"enabled\":1,\"parentId\":\"\",\"fields\":{\"13\":\"\"}}', '2017-07-07 15:08:00', '2017-07-07 15:08:00', '429ef1bb-13f2-48f1-a0cb-313cae32a865'),
 ('34', '15', '7', '1', 'en_us', '3', '', '{\"typeId\":\"7\",\"authorId\":\"1\",\"title\":\"I\'m New\",\"slug\":\"im-new\",\"postDate\":1497464580,\"expiryDate\":null,\"enabled\":1,\"parentId\":\"\",\"fields\":{\"13\":\"\"}}', '2017-07-07 15:08:46', '2017-07-07 15:08:46', '7e94a9a7-3294-4c69-ba69-a1f5f643148a'),
 ('35', '28', '7', '1', 'en_us', '1', '', '{\"typeId\":null,\"authorId\":\"1\",\"title\":\"Children\",\"slug\":\"children\",\"postDate\":1499443019,\"expiryDate\":null,\"enabled\":1,\"parentId\":\"16\",\"fields\":{\"13\":\"\"}}', '2017-07-07 15:56:59', '2017-07-07 15:56:59', '818d7719-b9ae-4540-8977-c47a99d59c81'),
 ('36', '29', '7', '1', 'en_us', '1', '', '{\"typeId\":null,\"authorId\":\"1\",\"title\":\"Youth\",\"slug\":\"youth\",\"postDate\":1499443034,\"expiryDate\":null,\"enabled\":1,\"parentId\":\"16\",\"fields\":{\"13\":\"\"}}', '2017-07-07 15:57:14', '2017-07-07 15:57:14', '485ceb70-aee9-419c-a50c-404b3a36b794'),
 ('37', '30', '7', '1', 'en_us', '1', '', '{\"typeId\":null,\"authorId\":\"1\",\"title\":\"Adult Small Groups\",\"slug\":\"adult-small-groups\",\"postDate\":1499443066,\"expiryDate\":null,\"enabled\":1,\"parentId\":\"16\",\"fields\":{\"13\":\"\"}}', '2017-07-07 15:57:46', '2017-07-07 15:57:46', '426cc199-3eb6-4e66-8676-846c0432948c'),
 ('38', '31', '7', '1', 'en_us', '1', '', '{\"typeId\":null,\"authorId\":\"1\",\"title\":\"Worship\",\"slug\":\"worship\",\"postDate\":1499443078,\"expiryDate\":null,\"enabled\":1,\"parentId\":\"16\",\"fields\":{\"13\":\"\"}}', '2017-07-07 15:57:58', '2017-07-07 15:57:58', '0d907699-8798-416b-b8d3-9bcd4ad04313'),
 ('39', '32', '7', '1', 'en_us', '1', '', '{\"typeId\":null,\"authorId\":\"1\",\"title\":\"UM Men & Women\",\"slug\":\"um-men-women\",\"postDate\":1499443107,\"expiryDate\":null,\"enabled\":1,\"parentId\":\"17\",\"fields\":{\"13\":\"\"}}', '2017-07-07 15:58:27', '2017-07-07 15:58:27', '16ad2b68-84a0-4b61-a496-4459d87500ce'),
 ('40', '33', '7', '1', 'en_us', '1', '', '{\"typeId\":null,\"authorId\":\"1\",\"title\":\"Upper Room Quilters\",\"slug\":\"upper-room-quilters\",\"postDate\":1499443124,\"expiryDate\":null,\"enabled\":1,\"parentId\":\"17\",\"fields\":{\"13\":\"\"}}', '2017-07-07 15:58:44', '2017-07-07 15:58:44', '2d80e9e4-b12e-4e99-8b8a-f96dada5ae0a'),
 ('41', '34', '7', '1', 'en_us', '1', '', '{\"typeId\":null,\"authorId\":\"1\",\"title\":\"Harvest Festival\",\"slug\":\"harvest-festival\",\"postDate\":1499443140,\"expiryDate\":null,\"enabled\":1,\"parentId\":\"17\",\"fields\":{\"13\":\"\"}}', '2017-07-07 15:59:01', '2017-07-07 15:59:01', 'f0a6055a-89f2-460e-87a1-d14b302b4011'),
 ('42', '35', '7', '1', 'en_us', '1', '', '{\"typeId\":null,\"authorId\":\"1\",\"title\":\"Prayer Requests\",\"slug\":\"prayer-requests\",\"postDate\":1499795806,\"expiryDate\":null,\"enabled\":1,\"parentId\":\"18\",\"fields\":{\"13\":\"\"}}', '2017-07-11 17:56:46', '2017-07-11 17:56:46', '884a0682-3164-4a8d-a6f1-0c60c4743443'),
 ('43', '35', '7', '1', 'en_us', '2', '', '{\"typeId\":\"7\",\"authorId\":\"1\",\"title\":\"Prayer Request\",\"slug\":\"prayer-requests\",\"postDate\":1499795760,\"expiryDate\":null,\"enabled\":1,\"parentId\":\"18\",\"fields\":{\"13\":\"\"}}', '2017-07-11 17:58:44', '2017-07-11 17:58:44', '1dfc42bb-850e-49d0-8f99-4e9faad82477'),
 ('44', '35', '7', '1', 'en_us', '3', '', '{\"typeId\":\"7\",\"authorId\":\"1\",\"title\":\"Prayer Requests\",\"slug\":\"prayer-requests\",\"postDate\":1499795760,\"expiryDate\":null,\"enabled\":1,\"parentId\":\"18\",\"fields\":{\"13\":\"\"}}', '2017-07-11 17:59:21', '2017-07-11 17:59:21', '4fa359ac-a961-4726-bded-0a4a138c7cb5'),
 ('45', '35', '7', '1', 'en_us', '4', '', '{\"typeId\":\"7\",\"authorId\":\"1\",\"title\":\"Prayer Requests\",\"slug\":\"prayer-requests\",\"postDate\":1499795760,\"expiryDate\":null,\"enabled\":1,\"parentId\":\"18\",\"fields\":{\"13\":\"\"}}', '2017-07-11 17:59:39', '2017-07-11 17:59:39', '022737b1-2698-4ffa-9034-4e6623b68d0c'),
 ('46', '36', '7', '1', 'en_us', '1', '', '{\"typeId\":null,\"authorId\":\"1\",\"title\":\"Staff\",\"slug\":\"staff\",\"postDate\":1499796009,\"expiryDate\":null,\"enabled\":1,\"parentId\":\"18\",\"fields\":{\"13\":\"\"}}', '2017-07-11 18:00:09', '2017-07-11 18:00:09', '4d460aeb-951a-44a1-85e4-799e151bdec8'),
 ('47', '37', '7', '1', 'en_us', '1', '', '{\"typeId\":null,\"authorId\":\"1\",\"title\":\"Contact Us\",\"slug\":\"contact-us\",\"postDate\":1499796026,\"expiryDate\":null,\"enabled\":1,\"parentId\":\"18\",\"fields\":{\"13\":\"\"}}', '2017-07-11 18:00:26', '2017-07-11 18:00:26', 'b506e561-ba70-4249-84db-bb027371eeef'),
 ('48', '38', '7', '1', 'en_us', '1', '', '{\"typeId\":null,\"authorId\":\"1\",\"title\":\"Resources\",\"slug\":\"resources\",\"postDate\":1500568977,\"expiryDate\":null,\"enabled\":1,\"parentId\":\"\",\"fields\":{\"15\":\"\",\"13\":\"\"}}', '2017-07-20 16:42:57', '2017-07-20 16:42:57', 'fd320e0b-7749-4e11-98de-566c5153b370'),
 ('49', '39', '7', '1', 'en_us', '1', '', '{\"typeId\":null,\"authorId\":\"1\",\"title\":\"Daily Bible Reading\",\"slug\":\"daily-bible-reading\",\"postDate\":1500569068,\"expiryDate\":null,\"enabled\":1,\"parentId\":\"38\",\"fields\":{\"15\":\"\",\"13\":\"\"}}', '2017-07-20 16:44:28', '2017-07-20 16:44:28', '07910616-5e77-4ceb-a89e-2ac012e9e366'),
 ('50', '40', '7', '1', 'en_us', '1', '', '{\"typeId\":null,\"authorId\":\"1\",\"title\":\"Ministry Team Minutes\",\"slug\":\"ministry-team-minutes\",\"postDate\":1500569088,\"expiryDate\":null,\"enabled\":1,\"parentId\":\"38\",\"fields\":{\"15\":\"\",\"13\":\"\"}}', '2017-07-20 16:44:48', '2017-07-20 16:44:48', 'e0b153e8-5678-45f6-a10b-5d16e81190a6'),
 ('51', '41', '7', '1', 'en_us', '1', '', '{\"typeId\":null,\"authorId\":\"1\",\"title\":\"Online Giving\",\"slug\":\"online-giving\",\"postDate\":1500569116,\"expiryDate\":null,\"enabled\":1,\"parentId\":\"38\",\"fields\":{\"15\":\"\",\"13\":\"\"}}', '2017-07-20 16:45:16', '2017-07-20 16:45:16', 'fe681733-3e05-482f-bbc4-ba390b2530f0'),
 ('52', '20', '7', '1', 'en_us', '2', '', '{\"typeId\":\"7\",\"authorId\":\"1\",\"title\":\"History\",\"slug\":\"history\",\"postDate\":1497464640,\"expiryDate\":null,\"enabled\":1,\"parentId\":\"15\",\"fields\":{\"15\":[\"42\"],\"13\":\"\"}}', '2017-07-20 19:10:23', '2017-07-20 19:10:23', 'fd604b94-b079-4673-8497-77b1b42caf66'),
 ('53', '20', '7', '1', 'en_us', '3', '', '{\"typeId\":\"7\",\"authorId\":\"1\",\"title\":\"History\",\"slug\":\"history\",\"postDate\":1497464640,\"expiryDate\":null,\"enabled\":1,\"parentId\":\"15\",\"fields\":{\"15\":[\"45\"],\"13\":\"\"}}', '2017-07-20 20:27:57', '2017-07-20 20:27:57', '4e7c81b4-f821-49ac-a13d-a87a041b98b3'),
 ('54', '20', '7', '1', 'en_us', '4', '', '{\"typeId\":\"7\",\"authorId\":\"1\",\"title\":\"History\",\"slug\":\"history\",\"postDate\":1497464640,\"expiryDate\":null,\"enabled\":1,\"parentId\":\"15\",\"fields\":{\"15\":[\"46\"],\"13\":\"\"}}', '2017-07-20 20:31:46', '2017-07-20 20:31:46', 'bc5cae66-7cb1-40fb-b292-5c41007ae8b0'),
 ('55', '20', '7', '1', 'en_us', '5', '', '{\"typeId\":\"7\",\"authorId\":\"1\",\"title\":\"History\",\"slug\":\"history\",\"postDate\":1497464640,\"expiryDate\":null,\"enabled\":1,\"parentId\":\"15\",\"fields\":{\"15\":[\"42\"],\"13\":\"\"}}', '2017-07-21 17:43:32', '2017-07-21 17:43:32', '4d76bf77-fff8-4c5b-b2fb-6c8be4cbdcf5'),
 ('56', '19', '7', '1', 'en_us', '2', '', '{\"typeId\":\"7\",\"authorId\":\"1\",\"title\":\"About Our Church\",\"slug\":\"about-our-church\",\"postDate\":1497464640,\"expiryDate\":null,\"enabled\":1,\"parentId\":\"15\",\"fields\":{\"15\":\"\",\"13\":{\"new1\":{\"type\":\"text\",\"enabled\":\"1\",\"fields\":{\"bodyText\":\"<p>Who we are<\\/p>\"}}}}}', '2017-07-21 19:07:26', '2017-07-21 19:07:26', '50f1a4dd-ffe0-4045-a06d-b5bf4186b037'),
 ('57', '19', '7', '1', 'en_us', '3', '', '{\"typeId\":\"7\",\"authorId\":\"1\",\"title\":\"About Our Church\",\"slug\":\"about-our-church\",\"postDate\":1497464640,\"expiryDate\":null,\"enabled\":1,\"parentId\":\"15\",\"fields\":{\"15\":\"\",\"13\":{\"new1\":{\"type\":\"text\",\"enabled\":\"1\",\"fields\":{\"textField\":\"<p>Testing this.<\\/p>\"}}}}}', '2017-07-21 19:19:10', '2017-07-21 19:19:10', '7f418e4b-fc95-461f-910a-9fa743fc1e31'),
 ('58', '19', '7', '1', 'en_us', '4', '', '{\"typeId\":\"7\",\"authorId\":\"1\",\"title\":\"About Our Church\",\"slug\":\"about-our-church\",\"postDate\":1497464640,\"expiryDate\":null,\"enabled\":1,\"parentId\":\"15\",\"fields\":{\"15\":\"\",\"13\":{\"44\":{\"type\":\"text\",\"enabled\":\"1\",\"fields\":{\"textField\":\"<p>Testing this.<\\/p>\"}}}}}', '2017-07-21 19:21:40', '2017-07-21 19:21:40', 'b09940be-c4f7-49db-b9ce-7b89e95aba23'),
 ('59', '19', '7', '1', 'en_us', '5', '', '{\"typeId\":\"7\",\"authorId\":\"1\",\"title\":\"About Our Church\",\"slug\":\"about-our-church\",\"postDate\":1497464640,\"expiryDate\":null,\"enabled\":1,\"parentId\":\"15\",\"fields\":{\"15\":\"\",\"13\":\"\"}}', '2017-07-21 19:29:29', '2017-07-21 19:29:29', '5a8185cd-3d83-4be8-911e-d5635b7f3b7c'),
 ('60', '19', '7', '1', 'en_us', '6', '', '{\"typeId\":\"7\",\"authorId\":\"1\",\"title\":\"About Our Church\",\"slug\":\"about-our-church\",\"postDate\":1497464640,\"expiryDate\":null,\"enabled\":1,\"parentId\":\"15\",\"fields\":{\"15\":[\"46\"],\"13\":{\"new1\":{\"type\":\"text\",\"enabled\":\"1\",\"fields\":{\"textField\":\"<p>This is our <a href=\\\"http:\\/\\/www.facebook.com\\\" target=\\\"_blank\\\">Facebook Page<\\/a> if you would like to see it.<\\/p>\"}}}}}', '2017-07-21 19:33:02', '2017-07-21 19:33:02', '12cf3e87-c3ff-401e-ae8e-3be9028b472b'),
 ('61', '19', '7', '1', 'en_us', '7', '', '{\"typeId\":\"7\",\"authorId\":\"1\",\"title\":\"About Our Church\",\"slug\":\"about-our-church\",\"postDate\":1497464640,\"expiryDate\":null,\"enabled\":1,\"parentId\":\"15\",\"fields\":{\"15\":[\"46\"],\"13\":{\"47\":{\"type\":\"text\",\"enabled\":\"1\",\"fields\":{\"textField\":\"<p>This is our <a href=\\\"http:\\/\\/www.facebook.com\\\" target=\\\"_blank\\\" rel=\\\"noreferrer noopener\\\">Facebook Page<\\/a> if you would like to see it. jioergniwlrgio;wjgiorwjgio;rjwigopjrwiogp;jriwo;gjiropwgjriopwjgiorpwjgiropwjgiorpwjgiorpwjgiropwgjiropwgjiropwgjiropwgjiropwgjiropw<\\/p>\"}}}}}', '2017-07-21 20:04:36', '2017-07-21 20:04:36', 'af4dd618-176f-45c3-a2af-dc3e229ad20f'),
 ('62', '19', '7', '1', 'en_us', '8', '', '{\"typeId\":\"7\",\"authorId\":\"1\",\"title\":\"About Our Church\",\"slug\":\"about-our-church\",\"postDate\":1497464640,\"expiryDate\":null,\"enabled\":1,\"parentId\":\"15\",\"fields\":{\"15\":[\"46\"],\"13\":{\"47\":{\"type\":\"text\",\"enabled\":\"1\",\"fields\":{\"textField\":\"<p>This is our <a href=\\\"http:\\/\\/www.facebook.com\\\" target=\\\"_blank\\\" rel=\\\"noreferrer noopener\\\">Facebook Page<\\/a> if you would like to see it. kfkfkd erkl &nbsp;elrk elrkenlw eklj; nqlrn jlji ;qjl ;qjkrl;qjrklf;w kl;qr kl;qr kjl;q kql;r jklq;klr;jwk kl; jkl;r kl;q knl; nkle; nkl;e nkl;e nkl;e nkl;e nkl;q nkl; nkl; nkl;&nbsp;<\\/p>\"}}}}}', '2017-07-21 20:12:03', '2017-07-21 20:12:03', 'f7f01f5e-4777-4446-9957-4b904449423f'),
 ('63', '19', '7', '1', 'en_us', '9', '', '{\"typeId\":\"7\",\"authorId\":\"1\",\"title\":\"About Our Church\",\"slug\":\"about-our-church\",\"postDate\":1497464640,\"expiryDate\":null,\"enabled\":1,\"parentId\":\"15\",\"fields\":{\"15\":[\"46\"],\"13\":{\"47\":{\"type\":\"text\",\"enabled\":\"1\",\"fields\":{\"textField\":\"<p>This is our <a href=\\\"http:\\/\\/www.facebook.com\\\" target=\\\"_blank\\\" rel=\\\"noreferrer noopener\\\">Facebook Page<\\/a> if you would like to see it. kfkfkd erkl &nbsp;elrk elrkenlw eklj; nqlrn jlji ;qjl ;qjkrl;qjrklf;w kl;qr kl;qr kjl;q kql;r jklq;klr;jwk kl; jkl;r kl;q knl; nkle; nkl;e nkl;e nkl;e nkl;e nkl;q nkl; nkl; nkl;&nbsp;<\\/p><figure><img src=\\\"http:\\/\\/sulphurspringsumc.dev:8888\\/images\\/covers\\/1Y3A7164.JPG#asset:42\\\" alt=\\\"Campshed\\\" title=\\\"Campshed\\\"><\\/figure>\"}}}}}', '2017-07-21 20:52:55', '2017-07-21 20:52:55', '77d2eeb4-f3ea-4887-bf37-4785ea21d9f2'),
 ('64', '19', '7', '1', 'en_us', '10', '', '{\"typeId\":\"7\",\"authorId\":\"1\",\"title\":\"About Our Church\",\"slug\":\"about-our-church\",\"postDate\":1497464640,\"expiryDate\":null,\"enabled\":1,\"parentId\":\"15\",\"fields\":{\"15\":[\"46\"],\"13\":{\"47\":{\"type\":\"text\",\"enabled\":\"1\",\"fields\":{\"textField\":\"<p>This is our <a href=\\\"http:\\/\\/www.facebook.com\\\" target=\\\"_blank\\\" rel=\\\"noreferrer noopener\\\">Facebook Page<\\/a> if you would like to see it. kfkfkd erkl &nbsp;elrk elrkenlw eklj; nqlrn jlji ;qjl ;qjkrl;qjrklf;w kl;qr kl;qr kjl;q kql;r jklq;klr;jwk kl; jkl;r kl;q knl; nkle; nkl;e nkl;e nkl;e nkl;e nkl;q nkl; nkl; nkl;&nbsp;<\\/p>\"}},\"new1\":{\"type\":\"image\",\"enabled\":\"1\",\"fields\":{\"imageBlock\":[\"42\"],\"imagePosition\":\"left\"}}}}}', '2017-07-22 04:00:59', '2017-07-22 04:00:59', '8d407578-850c-4dc2-9a86-fb3c36c94c95'),
 ('65', '19', '7', '1', 'en_us', '11', '', '{\"typeId\":\"7\",\"authorId\":\"1\",\"title\":\"About Our Church\",\"slug\":\"about-our-church\",\"postDate\":1497464640,\"expiryDate\":null,\"enabled\":1,\"parentId\":\"15\",\"fields\":{\"15\":[\"46\"],\"13\":{\"47\":{\"type\":\"text\",\"enabled\":\"1\",\"fields\":{\"textField\":\"<p>This is our <a href=\\\"http:\\/\\/www.facebook.com\\\" target=\\\"_blank\\\" rel=\\\"noreferrer noopener\\\">Facebook Page<\\/a> if you would like to see it. kfkfkd erkl &nbsp;elrk elrkenlw eklj; nqlrn jlji ;qjl ;qjkrl;qjrklf;w kl;qr kl;qr kjl;q kql;r jklq;klr;jwk kl; jkl;r kl;q knl; nkle; nkl;e nkl;e nkl;e nkl;e nkl;q nkl; nkl; nkl;&nbsp;<\\/p><figure><img src=\\\"http:\\/\\/sulphurspringsumc.dev:8888\\/images\\/covers\\/_fit\\/42\\/1Y3A7164.jpg#asset:42:fit\\\"><\\/figure>\"}},\"48\":{\"type\":\"image\",\"enabled\":\"1\",\"fields\":{\"imageBlock\":\"\",\"imagePosition\":\"left\"}}}}}', '2017-07-22 04:46:32', '2017-07-22 04:46:32', '97448afb-78b7-461c-b5cb-c35961985c73'),
 ('66', '19', '7', '1', 'en_us', '12', '', '{\"typeId\":\"7\",\"authorId\":\"1\",\"title\":\"About Our Church\",\"slug\":\"about-our-church\",\"postDate\":1497464640,\"expiryDate\":null,\"enabled\":1,\"parentId\":\"15\",\"fields\":{\"15\":[\"46\"],\"13\":{\"47\":{\"type\":\"text\",\"enabled\":\"1\",\"fields\":{\"textField\":\"<p>This is our <a href=\\\"http:\\/\\/www.facebook.com\\\" target=\\\"_blank\\\" rel=\\\"noreferrer noopener\\\">Facebook Page<\\/a> if you would like to see it. kfkfkd erkl &nbsp;elrk elrkenlw eklj; nqlrn jlji ;qjl ;qjkrl;qjrklf;w kl;qr kl;qr kjl;q kql;r jklq;klr;jwk kl; jkl;r kl;q knl; nkle; nkl;e nkl;e nkl;e nkl;e nkl;q nkl; nkl; nkl;&nbsp;<\\/p><figure><img src=\\\"http:\\/\\/sulphurspringsumc.dev:8888\\/images\\/covers\\/1Y3A7164.JPG#asset:42\\\"><\\/figure>\"}},\"48\":{\"type\":\"image\",\"enabled\":\"1\",\"fields\":{\"imageBlock\":\"\",\"imagePosition\":\"left\"}}}}}', '2017-07-22 04:47:33', '2017-07-22 04:47:33', '4a5070e0-6c4e-49de-9ec7-0eabe7896b6f'),
 ('67', '19', '7', '1', 'en_us', '13', '', '{\"typeId\":\"7\",\"authorId\":\"1\",\"title\":\"About Our Church\",\"slug\":\"about-our-church\",\"postDate\":1497464640,\"expiryDate\":null,\"enabled\":1,\"parentId\":\"15\",\"fields\":{\"15\":[\"46\"],\"13\":{\"47\":{\"type\":\"text\",\"enabled\":\"1\",\"fields\":{\"textField\":\"<p>This is what it\'s about.<\\/p><p><br><\\/p><p>Yep.<\\/p>\"}},\"48\":{\"type\":\"image\",\"enabled\":\"1\",\"fields\":{\"imageBlock\":\"\",\"imagePosition\":\"left\"}}}}}', '2017-07-22 05:03:22', '2017-07-22 05:03:22', '69bfaad2-7629-42e1-a85d-af6384467b57'),
 ('68', '19', '7', '1', 'en_us', '14', '', '{\"typeId\":\"7\",\"authorId\":\"1\",\"title\":\"About Our Church\",\"slug\":\"about-our-church\",\"postDate\":1497464640,\"expiryDate\":null,\"enabled\":1,\"parentId\":\"15\",\"fields\":{\"15\":[\"46\"],\"13\":{\"47\":{\"type\":\"text\",\"enabled\":\"1\",\"fields\":{\"textField\":\"<p>This is what it\'s about.<\\/p><figure><img src=\\\"http:\\/\\/sulphurspringsumc.dev:8888\\/images\\/covers\\/1Y3A7164.JPG#asset:42\\\"><\\/figure><p>What is this.<\\/p><p>Yep.&nbsp;<\\/p>\"}},\"48\":{\"type\":\"image\",\"enabled\":\"1\",\"fields\":{\"imageBlock\":\"\",\"imagePosition\":\"left\"}}}}}', '2017-07-22 05:08:22', '2017-07-22 05:08:22', '71927628-cdbd-4884-9242-99b751918fec'),
 ('69', '19', '7', '1', 'en_us', '15', '', '{\"typeId\":\"7\",\"authorId\":\"1\",\"title\":\"About Our Church\",\"slug\":\"about-our-church\",\"postDate\":1497464640,\"expiryDate\":null,\"enabled\":1,\"parentId\":\"15\",\"fields\":{\"15\":[\"46\"],\"13\":{\"47\":{\"type\":\"text\",\"enabled\":\"1\",\"fields\":{\"textField\":\"<p>This is what it\'s about.<\\/p>\\r\\n<p><img src=\\\"http:\\/\\/sulphurspringsumc.dev:8888\\/images\\/covers\\/1Y3A7164.JPG#asset:42:url\\\" alt=\\\"1Y3A7164.JPG#asset:42\\\"><br><\\/p>\\r\\n<p>What is this.<\\/p>\\r\\n<p>Yep.&nbsp;<\\/p><p>Yep.&nbsp;<\\/p><p>Yep.&nbsp;<\\/p><p>Yep.&nbsp;<\\/p><p>Yep.&nbsp;<\\/p><p>Yep.&nbsp;<\\/p><p>Yep.&nbsp;<\\/p><p>Yep.&nbsp;<\\/p><p>Yep.&nbsp;<\\/p><p>Yep.&nbsp;<\\/p><p>Test.<\\/p><p>Here we go.<\\/p><p>Test.<\\/p><p>test.<\\/p><p><br><\\/p><p>test.<br><\\/p>\"}},\"48\":{\"type\":\"image\",\"enabled\":\"1\",\"fields\":{\"imageBlock\":\"\",\"imagePosition\":\"left\"}}}}}', '2017-07-22 05:27:28', '2017-07-22 05:27:28', '36c1971f-981d-4d0c-aeea-9b48c86ae65e'),
 ('70', '19', '7', '1', 'en_us', '16', '', '{\"typeId\":\"7\",\"authorId\":\"1\",\"title\":\"About Our Church\",\"slug\":\"about-our-church\",\"postDate\":1497464640,\"expiryDate\":null,\"enabled\":1,\"parentId\":\"15\",\"fields\":{\"15\":[\"46\"],\"13\":{\"47\":{\"type\":\"text\",\"enabled\":\"1\",\"fields\":{\"textField\":\"<p>This is what it\'s about.<\\/p>\\r\\n<p><img src=\\\"http:\\/\\/sulphurspringsumc.dev:8888\\/images\\/covers\\/1Y3A7164.JPG#asset:42:url\\\" alt=\\\"1Y3A7164.JPG#asset:42\\\"><br><\\/p>\\r\\n<p>What is this.<\\/p>\\r\\n<p>Yep.&nbsp;<\\/p>\\r\\n<p>Yep.&nbsp;<\\/p>\\r\\n<p>Yep.&nbsp;<\\/p>\\r\\n<p>Yep.&nbsp;<\\/p>\"}},\"48\":{\"type\":\"image\",\"enabled\":\"1\",\"fields\":{\"imageBlock\":\"\",\"imagePosition\":\"left\"}}}}}', '2017-07-22 05:30:37', '2017-07-22 05:30:37', 'f6148550-d13b-49c1-9c5c-81caa9f5cd9b'),
 ('71', '19', '7', '1', 'en_us', '17', '', '{\"typeId\":\"7\",\"authorId\":\"1\",\"title\":\"About Our Church\",\"slug\":\"about-our-church\",\"postDate\":1497464640,\"expiryDate\":null,\"enabled\":1,\"parentId\":\"15\",\"fields\":{\"15\":[\"46\"],\"13\":{\"47\":{\"type\":\"text\",\"enabled\":\"1\",\"fields\":{\"textField\":\"<p>This is what it\'s about.<\\/p>\\r\\n<p><img src=\\\"http:\\/\\/sulphurspringsumc.dev:8888\\/images\\/covers\\/1Y3A7164.JPG#asset:42:url\\\" alt=\\\"1Y3A7164.JPG#asset:42\\\"><br><\\/p>\\r\\n<p>What is this.<\\/p>\\r\\n<p>Yep.&nbsp;<\\/p>\\r\\n<p>Yep.&nbsp;<\\/p>\\r\\n<p>Yep.&nbsp;<\\/p>\\r\\n<p>Yep.&nbsp;<\\/p><p><br><\\/p><p>test<\\/p><p><br><\\/p><p><br><\\/p><p><br><\\/p><p><br><\\/p><p>teset<\\/p><p><br><\\/p><p>teste<\\/p><p>weiowenioe<\\/p><p><br><\\/p><p>last<\\/p>\"}},\"48\":{\"type\":\"image\",\"enabled\":\"1\",\"fields\":{\"imageBlock\":\"\",\"imagePosition\":\"left\"}}}}}', '2017-07-22 05:32:52', '2017-07-22 05:32:52', '729d10f6-f2a3-451f-a809-abc78077e066'),
 ('72', '19', '7', '1', 'en_us', '18', '', '{\"typeId\":\"7\",\"authorId\":\"1\",\"title\":\"About Our Church\",\"slug\":\"about-our-church\",\"postDate\":1497464640,\"expiryDate\":null,\"enabled\":1,\"parentId\":\"15\",\"fields\":{\"15\":[\"46\"],\"13\":{\"47\":{\"type\":\"text\",\"enabled\":\"1\",\"fields\":{\"textField\":\"<p>This is our <a href=\\\"http:\\/\\/www.facebook.com\\\" target=\\\"_blank\\\" rel=\\\"noreferrer noopener\\\">Facebook Page<\\/a> if you would like to see it. kfkfkd erkl &nbsp;elrk elrkenlw eklj; nqlrn jlji ;qjl ;qjkrl;qjrklf;w kl;qr kl;qr kjl;q kql;r jklq;klr;jwk kl; jkl;r kl;q knl; nkle; nkl;e nkl;e nkl;e nkl;e nkl;q nkl; nkl; nkl;&nbsp;<\\/p>\"}},\"48\":{\"type\":\"image\",\"enabled\":\"1\",\"fields\":{\"imageBlock\":[\"42\"],\"imagePosition\":\"left\"}}}}}', '2017-07-23 03:49:12', '2017-07-23 03:49:12', '7c1df705-6116-4c06-a836-0aef233c32a1'),
 ('73', '36', '7', '1', 'en_us', '2', '', '{\"typeId\":\"7\",\"authorId\":\"1\",\"title\":\"Staff\",\"slug\":\"staff\",\"postDate\":1499796000,\"expiryDate\":null,\"enabled\":1,\"parentId\":\"18\",\"fields\":{\"15\":\"\",\"13\":\"\",\"29\":{\"new1\":{\"type\":\"staffMember\",\"enabled\":\"1\",\"fields\":{\"profile\":[\"49\"],\"fullName\":\"Joe Barber\",\"bio\":\"<p>This is about Joe.<\\/p>\",\"emailAddress\":\"joe@sulphurspringsumc.com\"}}}}}', '2017-07-24 16:19:06', '2017-07-24 16:19:06', '8a3df794-8a53-49ef-8f6d-769fcc26b024'),
 ('74', '36', '7', '1', 'en_us', '3', '', '{\"typeId\":\"7\",\"authorId\":\"1\",\"title\":\"Staff\",\"slug\":\"staff\",\"postDate\":1499796000,\"expiryDate\":null,\"enabled\":1,\"parentId\":\"18\",\"fields\":{\"15\":\"\",\"13\":\"\",\"29\":{\"50\":{\"type\":\"staffMember\",\"enabled\":\"1\",\"fields\":{\"profile\":[\"49\"],\"fullName\":\"Joe Barber\",\"bio\":\"\",\"emailAddress\":\"joe@sulphurspringsumc.com\"}},\"new1\":{\"type\":\"staffMember\",\"enabled\":\"1\",\"fields\":{\"profile\":[\"51\"],\"fullName\":\"Ralph Jeffers\",\"bio\":\"<p>This is about Ralph.<\\/p>\",\"emailAddress\":\"ralph@sulphurspringsumc.com\"}}}}}', '2017-07-24 16:24:27', '2017-07-24 16:24:27', '7e1da6b1-684b-4502-a0be-62730855b045'),
 ('75', '36', '7', '1', 'en_us', '4', '', '{\"typeId\":\"7\",\"authorId\":\"1\",\"title\":\"Staff\",\"slug\":\"staff\",\"postDate\":1499796000,\"expiryDate\":null,\"enabled\":1,\"parentId\":\"18\",\"fields\":{\"15\":\"\",\"13\":\"\",\"29\":{\"50\":{\"type\":\"staffMember\",\"enabled\":\"1\",\"fields\":{\"profile\":[\"49\"],\"fullName\":\"Joe Barber\",\"bio\":\"\",\"emailAddress\":\"joe@sulphurspringsumc.com\"}},\"52\":{\"type\":\"staffMember\",\"enabled\":\"1\",\"fields\":{\"profile\":[\"51\"],\"fullName\":\"Ralph Jeffers\",\"bio\":\"<p>This is about Ralph.<\\/p>\",\"emailAddress\":\"ralph@sulphurspringsumc.com\"}},\"new1\":{\"type\":\"staffMember\",\"enabled\":\"1\",\"fields\":{\"profile\":[\"53\"],\"fullName\":\"Debbie Suarez\",\"bio\":\"\",\"emailAddress\":\"debbie@sulphurspringsumc.com\"}},\"new2\":{\"type\":\"staffMember\",\"enabled\":\"1\",\"fields\":{\"profile\":[\"54\"],\"fullName\":\"Ramona Bird\",\"bio\":\"\",\"emailAddress\":\"ramona@sulphurspringsumc.com\"}},\"new3\":{\"type\":\"staffMember\",\"enabled\":\"1\",\"fields\":{\"profile\":[\"55\"],\"fullName\":\"Tammy Knapp-Staton\",\"bio\":\"\",\"emailAddress\":\"tammy@sulphurspringsumc.com\"}}}}}', '2017-07-24 16:35:23', '2017-07-24 16:35:23', 'dc1542a7-e6e2-40b1-8598-ae97171c496a'),
 ('76', '19', '7', '1', 'en_us', '19', '', '{\"typeId\":\"7\",\"authorId\":\"1\",\"title\":\"About Our Church\",\"slug\":\"about-our-church\",\"postDate\":1497464640,\"expiryDate\":null,\"enabled\":1,\"parentId\":\"15\",\"fields\":{\"15\":[\"46\"],\"13\":{\"47\":{\"type\":\"text\",\"enabled\":\"1\",\"fields\":{\"textField\":\"<p>Need information about what the church is about. <\\/p>\"}}},\"29\":\"\"}}', '2017-07-24 16:40:51', '2017-07-24 16:40:51', '61eb6884-eb52-40fc-8c23-84fc77d341dd'),
 ('77', '36', '7', '1', 'en_us', '5', '', '{\"typeId\":\"7\",\"authorId\":\"1\",\"title\":\"Staff\",\"slug\":\"staff\",\"postDate\":1499796000,\"expiryDate\":null,\"enabled\":1,\"parentId\":\"18\",\"fields\":{\"15\":\"\",\"13\":{\"new1\":{\"type\":\"text\",\"enabled\":\"1\",\"fields\":{\"textField\":\"<p>These are not the people who \\\"do\\\" ministry in our church &mdash; they are the people who help to facilitate, to enable, to encourage the entire congregation as it engages in ministry. We are here to serve you in the name of Jesus Christ! We invite you to get to know us, to contact us, and to join us in serving Christ.<\\/p>\"}}},\"29\":{\"50\":{\"type\":\"staffMember\",\"enabled\":\"1\",\"fields\":{\"profile\":[\"49\"],\"fullName\":\"Joe Barber\",\"bio\":\"\",\"emailAddress\":\"joe@sulphurspringsumc.com\"}},\"52\":{\"type\":\"staffMember\",\"enabled\":\"1\",\"fields\":{\"profile\":[\"51\"],\"fullName\":\"Ralph Jeffers\",\"bio\":\"<p>This is about Ralph.<\\/p>\",\"emailAddress\":\"ralph@sulphurspringsumc.com\"}},\"56\":{\"type\":\"staffMember\",\"enabled\":\"1\",\"fields\":{\"profile\":[\"53\"],\"fullName\":\"Debbie Suarez\",\"bio\":\"\",\"emailAddress\":\"debbie@sulphurspringsumc.com\"}},\"57\":{\"type\":\"staffMember\",\"enabled\":\"1\",\"fields\":{\"profile\":[\"54\"],\"fullName\":\"Ramona Bird\",\"bio\":\"\",\"emailAddress\":\"ramona@sulphurspringsumc.com\"}},\"58\":{\"type\":\"staffMember\",\"enabled\":\"1\",\"fields\":{\"profile\":[\"55\"],\"fullName\":\"Tammy Knapp-Staton\",\"bio\":\"\",\"emailAddress\":\"tammy@sulphurspringsumc.com\"}}}}}', '2017-07-24 16:42:35', '2017-07-24 16:42:35', '88982b1a-7161-4d99-b1fd-6898724e1a74'),
 ('78', '36', '7', '1', 'en_us', '6', '', '{\"typeId\":\"7\",\"authorId\":\"1\",\"title\":\"Staff\",\"slug\":\"staff\",\"postDate\":1499796000,\"expiryDate\":null,\"enabled\":1,\"parentId\":\"18\",\"fields\":{\"15\":\"\",\"13\":{\"59\":{\"type\":\"text\",\"enabled\":\"1\",\"fields\":{\"textField\":\"<p>These are not the people who \\\"do\\\" ministry in our church &mdash; they are the people who help to facilitate, to enable, to encourage the entire congregation as it engages in ministry. We are here to serve you in the name of Jesus Christ! We invite you to get to know us, to contact us, and to join us in serving Christ.<\\/p>\"}}},\"29\":{\"50\":{\"type\":\"staffMember\",\"enabled\":\"1\",\"fields\":{\"profile\":[\"49\"],\"fullName\":\"Joe Barber\",\"jobTitle\":\"Pastor\",\"bio\":\"\",\"emailAddress\":\"joe@sulphurspringsumc.com\"}},\"52\":{\"type\":\"staffMember\",\"enabled\":\"1\",\"fields\":{\"profile\":[\"51\"],\"fullName\":\"Ralph Jeffers\",\"jobTitle\":\"Youth Minister\",\"bio\":\"<p>This is about Ralph.<\\/p>\",\"emailAddress\":\"ralph@sulphurspringsumc.com\"}},\"56\":{\"type\":\"staffMember\",\"enabled\":\"1\",\"fields\":{\"profile\":[\"53\"],\"fullName\":\"Debbie Suarez\",\"jobTitle\":\"Administrative Assistant\",\"bio\":\"\",\"emailAddress\":\"debbie@sulphurspringsumc.com\"}},\"57\":{\"type\":\"staffMember\",\"enabled\":\"1\",\"fields\":{\"profile\":[\"54\"],\"fullName\":\"Ramona Bird\",\"jobTitle\":\"Music Director\",\"bio\":\"\",\"emailAddress\":\"ramona@sulphurspringsumc.com\"}},\"58\":{\"type\":\"staffMember\",\"enabled\":\"1\",\"fields\":{\"profile\":[\"55\"],\"fullName\":\"Tammy Knapp-Staton\",\"jobTitle\":\"Children\'s Director\",\"bio\":\"\",\"emailAddress\":\"tammy@sulphurspringsumc.com\"}}}}}', '2017-07-24 16:46:02', '2017-07-24 16:46:02', 'd5b3fb02-8c67-45cc-bab7-158dc1d46f0f'),
 ('79', '36', '7', '1', 'en_us', '7', '', '{\"typeId\":\"7\",\"authorId\":\"1\",\"title\":\"Staff\",\"slug\":\"staff\",\"postDate\":1499796000,\"expiryDate\":null,\"enabled\":1,\"parentId\":\"18\",\"fields\":{\"15\":\"\",\"13\":{\"59\":{\"type\":\"text\",\"enabled\":\"1\",\"fields\":{\"textField\":\"<p>These are not the people who \\\"do\\\" ministry in our church &mdash; they are the people who help to facilitate, to enable, to encourage the entire congregation as it engages in ministry. We are here to serve you in the name of Jesus Christ! We invite you to get to know us, to contact us, and to join us in serving Christ.<\\/p>\"}}},\"29\":{\"50\":{\"type\":\"staffMember\",\"enabled\":\"1\",\"fields\":{\"profile\":[\"62\"],\"fullName\":\"Joe Barber\",\"jobTitle\":\"Pastor\",\"bio\":\"\",\"emailAddress\":\"joe@sulphurspringsumc.com\"}},\"52\":{\"type\":\"staffMember\",\"enabled\":\"1\",\"fields\":{\"profile\":[\"63\"],\"fullName\":\"Ralph Jeffers\",\"jobTitle\":\"Youth Minister\",\"bio\":\"<p>This is about Ralph.<\\/p>\",\"emailAddress\":\"ralph@sulphurspringsumc.com\"}},\"56\":{\"type\":\"staffMember\",\"enabled\":\"1\",\"fields\":{\"profile\":[\"60\"],\"fullName\":\"Debbie Suarez\",\"jobTitle\":\"Administrative Assistant\",\"bio\":\"\",\"emailAddress\":\"debbie@sulphurspringsumc.com\"}},\"57\":{\"type\":\"staffMember\",\"enabled\":\"1\",\"fields\":{\"profile\":[\"64\"],\"fullName\":\"Ramona Bird\",\"jobTitle\":\"Music Director\",\"bio\":\"\",\"emailAddress\":\"ramona@sulphurspringsumc.com\"}},\"58\":{\"type\":\"staffMember\",\"enabled\":\"1\",\"fields\":{\"profile\":[\"65\"],\"fullName\":\"Tammy Knapp-Staton\",\"jobTitle\":\"Children\'s Director\",\"bio\":\"\",\"emailAddress\":\"tammy@sulphurspringsumc.com\"}}}}}', '2017-07-24 17:05:32', '2017-07-24 17:05:32', '59a23b82-1398-46b1-8f8c-558cb2ec9a49'),
 ('80', '36', '7', '1', 'en_us', '8', '', '{\"typeId\":\"7\",\"authorId\":\"1\",\"title\":\"Staff\",\"slug\":\"staff\",\"postDate\":1499796000,\"expiryDate\":null,\"enabled\":1,\"parentId\":\"18\",\"fields\":{\"15\":\"\",\"13\":{\"59\":{\"type\":\"text\",\"enabled\":\"1\",\"fields\":{\"textField\":\"<p>These are not the people who \\\"do\\\" ministry in our church &mdash; they are the people who help to facilitate, to enable, to encourage the entire congregation as it engages in ministry. We are here to serve you in the name of Jesus Christ! We invite you to get to know us, to contact us, and to join us in serving Christ.<\\/p>\"}}},\"29\":\"\"}}', '2017-07-24 18:40:14', '2017-07-24 18:40:14', '3ae5b8ba-8900-428d-915d-0a9e6c494d22'),
 ('81', '36', '7', '1', 'en_us', '9', '', '{\"typeId\":\"7\",\"authorId\":\"1\",\"title\":\"Staff\",\"slug\":\"staff\",\"postDate\":1499796000,\"expiryDate\":null,\"enabled\":1,\"parentId\":\"18\",\"fields\":{\"15\":\"\",\"13\":{\"59\":{\"type\":\"text\",\"enabled\":\"1\",\"fields\":{\"textField\":\"<p>These are not the people who \\\"do\\\" ministry in our church &mdash; they are the people who help to facilitate, to enable, to encourage the entire congregation as it engages in ministry. We are here to serve you in the name of Jesus Christ! We invite you to get to know us, to contact us, and to join us in serving Christ.<\\/p>\"}}},\"29\":{\"new1\":{\"type\":\"staffMember\",\"enabled\":\"1\",\"fields\":{\"profile\":[\"67\"],\"fullName\":\"Joe Barber\",\"jobTitle\":\"Pastor\",\"bio\":\"\",\"emailAddress\":\"joe@sulphurspringsumc.com\"}}}}}', '2017-07-24 20:35:27', '2017-07-24 20:35:27', 'e097a58a-f863-4741-8378-46d479c5c05f'),
 ('82', '36', '7', '1', 'en_us', '10', '', '{\"typeId\":\"7\",\"authorId\":\"1\",\"title\":\"Staff\",\"slug\":\"staff\",\"postDate\":1499796000,\"expiryDate\":null,\"enabled\":1,\"parentId\":\"18\",\"fields\":{\"15\":\"\",\"13\":{\"59\":{\"type\":\"text\",\"enabled\":\"1\",\"fields\":{\"textField\":\"<p>These are not the people who \\\"do\\\" ministry in our church &mdash; they are the people who help to facilitate, to enable, to encourage the entire congregation as it engages in ministry. We are here to serve you in the name of Jesus Christ! We invite you to get to know us, to contact us, and to join us in serving Christ.<\\/p>\"}}},\"29\":{\"68\":{\"type\":\"staffMember\",\"enabled\":\"1\",\"fields\":{\"profile\":[\"67\"],\"fullName\":\"Joe Barber\",\"jobTitle\":\"Pastor\",\"bio\":\"\",\"emailAddress\":\"joe@sulphurspringsumc.com\"}},\"new1\":{\"type\":\"staffMember\",\"enabled\":\"1\",\"fields\":{\"profile\":[\"74\"],\"fullName\":\"Ralph Jeffers\",\"jobTitle\":\"Youth Minister\",\"bio\":\"\",\"emailAddress\":\"ralph@sulphurspringsumc.com\"}},\"new2\":{\"type\":\"staffMember\",\"enabled\":\"1\",\"fields\":{\"profile\":[\"71\"],\"fullName\":\"Debbie Suarez\",\"jobTitle\":\"Administrative Assistant\",\"bio\":\"\",\"emailAddress\":\"debbie@sulphurspringsumc.com\"}},\"new3\":{\"type\":\"staffMember\",\"enabled\":\"1\",\"fields\":{\"profile\":[\"75\"],\"fullName\":\"Ramona Bird\",\"jobTitle\":\"Music Minister\",\"bio\":\"\",\"emailAddress\":\"ramona@sulphurspringsumc.com\"}},\"new4\":{\"type\":\"staffMember\",\"enabled\":\"1\",\"fields\":{\"profile\":[\"76\"],\"fullName\":\"Tammy Knapp-Stanton\",\"jobTitle\":\"Children\'s Minister\",\"bio\":\"\",\"emailAddress\":\"tammy@sulphurspringsumc.com\"}},\"new5\":{\"type\":\"staffMember\",\"enabled\":\"1\",\"fields\":{\"profile\":[\"72\"],\"fullName\":\"Gwen Collins\",\"jobTitle\":\"Children\'s Director\",\"bio\":\"\",\"emailAddress\":\"gwen@sulphurspringsumc.com\"}}}}}', '2017-07-24 20:42:18', '2017-07-24 20:42:18', '1ef1302a-2cb0-4cb1-9507-e6040be3bf31'),
 ('83', '82', '9', '1', 'en_us', '1', NULL, '{\"typeId\":\"9\",\"authorId\":null,\"title\":\"Discover More\",\"slug\":\"discover-more\",\"postDate\":1501002672,\"expiryDate\":null,\"enabled\":1,\"parentId\":null,\"fields\":[]}', '2017-07-25 17:11:12', '2017-07-25 17:11:12', 'f1d2d88f-5e1a-4110-afbf-663d72abd0bc'),
 ('84', '41', '7', '1', 'en_us', '2', '', '{\"typeId\":\"7\",\"authorId\":\"1\",\"title\":\"Online Giving\",\"slug\":\"online-giving\",\"postDate\":1500569100,\"expiryDate\":null,\"enabled\":1,\"parentId\":\"38\",\"fields\":{\"15\":\"\",\"13\":{\"new1\":{\"type\":\"text\",\"enabled\":\"1\",\"fields\":{\"textField\":\"<p>Giving online is very safe and easy to use. Selecting the button below will redirect you to Tithe.ly to submit your donation.<\\/p><p><br><\\/p>\"}}},\"29\":\"\"}}', '2017-07-26 16:18:25', '2017-07-26 16:18:25', '241f2fef-e93f-4836-8382-0d7b2e7a320e'),
 ('85', '33', '7', '1', 'en_us', '2', '', '{\"typeId\":\"7\",\"authorId\":\"1\",\"title\":\"Upper Room Quilters\",\"slug\":\"upper-room-quilters\",\"postDate\":1499443080,\"expiryDate\":null,\"enabled\":1,\"parentId\":\"17\",\"fields\":{\"15\":[\"84\"],\"13\":\"\",\"29\":\"\"}}', '2017-07-26 16:35:45', '2017-07-26 16:35:45', '48479d87-19d2-4f05-ad21-c5a662f36b80'),
 ('86', '41', '7', '1', 'en_us', '3', '', '{\"typeId\":\"7\",\"authorId\":\"1\",\"title\":\"Online Giving\",\"slug\":\"online-giving\",\"postDate\":1500569100,\"expiryDate\":null,\"enabled\":1,\"parentId\":\"38\",\"fields\":{\"15\":\"\",\"13\":{\"83\":{\"type\":\"text\",\"enabled\":\"1\",\"fields\":{\"textField\":\"<p>Giving online is very safe and easy to use. Selecting the button below will redirect you to Tithe.ly to submit your donation.<\\/p>\\r\\n<p><br><\\/p>\"}}},\"35\":\"https:\\/\\/tithe.ly\\/give?c=129152\",\"29\":\"\"}}', '2017-07-26 17:39:09', '2017-07-26 17:39:09', 'ae1ca680-a4c6-4e00-93b3-29fc191a1577'),
 ('88', '19', '7', '1', 'en_us', '20', '', '{\"typeId\":\"7\",\"authorId\":\"1\",\"title\":\"About Our Church\",\"slug\":\"about-our-church\",\"postDate\":1497464640,\"expiryDate\":null,\"enabled\":1,\"parentId\":\"15\",\"fields\":{\"15\":[\"70\"],\"13\":{\"47\":{\"type\":\"text\",\"enabled\":\"1\",\"fields\":{\"textField\":\"<p>Need information about what the church is about. <\\/p>\"}}},\"35\":\"\",\"29\":\"\"}}', '2017-07-26 17:51:11', '2017-07-26 17:51:11', '66d6dd29-46f5-4963-bd69-9de8d733d8b4'),
 ('89', '19', '7', '1', 'en_us', '21', '', '{\"typeId\":\"7\",\"authorId\":\"1\",\"title\":\"About Our Church\",\"slug\":\"about-our-church\",\"postDate\":1497464640,\"expiryDate\":null,\"enabled\":1,\"parentId\":\"15\",\"fields\":{\"15\":[\"70\"],\"13\":{\"47\":{\"type\":\"text\",\"enabled\":\"1\",\"fields\":{\"textField\":\"<p>Need information about what the church is about. <\\/p>\"}}},\"35\":\"\",\"29\":\"\"}}', '2017-07-26 17:51:15', '2017-07-26 17:51:15', 'f96378d0-0ec0-493a-998c-6c3f63c45eb2'),
 ('90', '20', '7', '1', 'en_us', '6', '', '{\"typeId\":\"7\",\"authorId\":\"1\",\"title\":\"History\",\"slug\":\"history\",\"postDate\":1497464640,\"expiryDate\":null,\"enabled\":1,\"parentId\":\"15\",\"fields\":{\"15\":[\"69\"],\"13\":\"\",\"35\":\"\",\"29\":\"\"}}', '2017-07-26 17:55:49', '2017-07-26 17:55:49', '34f03c8f-4396-4702-8685-b1cc9fb022d1'),
 ('91', '2', '1', '1', 'en_us', '18', '', '{\"typeId\":null,\"authorId\":null,\"title\":\"Welcome to Sulphur Springs United Methodist Church!\",\"slug\":\"homepage\",\"postDate\":1497282264,\"expiryDate\":null,\"enabled\":1,\"parentId\":null,\"fields\":{\"4\":{\"11\":{\"type\":\"addSlide\",\"enabled\":\"1\",\"fields\":{\"image\":[\"112\"],\"slideText\":\"Serving Others\",\"buttonText\":\"Discover More\",\"buttonUrl\":\"\"}}}}}', '2017-07-26 19:23:35', '2017-07-26 19:23:35', 'f14eab6f-60c4-4162-97c5-c99bcab84a7f'),
 ('92', '2', '1', '1', 'en_us', '19', '', '{\"typeId\":null,\"authorId\":null,\"title\":\"Welcome to Sulphur Springs United Methodist Church!\",\"slug\":\"homepage\",\"postDate\":1497282264,\"expiryDate\":null,\"enabled\":1,\"parentId\":null,\"fields\":{\"36\":[\"112\"],\"4\":{\"11\":{\"type\":\"addSlide\",\"enabled\":\"1\",\"fields\":{\"slideText\":\"Serving Others\",\"buttonUrl\":\"\"}},\"new1\":{\"type\":\"addSlide\",\"enabled\":\"1\",\"fields\":{\"slideText\":\"Loving One Another\",\"buttonUrl\":\"\"}}}}}', '2017-07-26 21:47:29', '2017-07-26 21:47:29', 'bc14cbc4-c81f-4c18-bc80-aa5017f771da'),
 ('93', '2', '1', '1', 'en_us', '20', '', '{\"typeId\":null,\"authorId\":null,\"title\":\"Welcome to Sulphur Springs United Methodist Church!\",\"slug\":\"homepage\",\"postDate\":1497282264,\"expiryDate\":null,\"enabled\":1,\"parentId\":null,\"fields\":{\"36\":[\"112\"],\"4\":{\"11\":{\"type\":\"addSlide\",\"enabled\":\"1\",\"fields\":{\"slideText\":\"Serving Others\",\"buttonUrl\":\"\"}},\"113\":{\"type\":\"addSlide\",\"enabled\":\"1\",\"fields\":{\"slideText\":\"Loving One Another\",\"buttonUrl\":\"\"}}}}}', '2017-07-26 21:51:36', '2017-07-26 21:51:36', '8454d4f6-e112-49f4-ac3b-529fa197b682'),
 ('95', '115', '10', '1', 'en_us', '1', NULL, '{\"typeId\":\"10\",\"authorId\":null,\"title\":\"Serve\",\"slug\":\"serve\",\"postDate\":1501122942,\"expiryDate\":null,\"enabled\":1,\"parentId\":null,\"fields\":[]}', '2017-07-27 02:35:42', '2017-07-27 02:35:42', '9b8528e8-77d1-4d66-8eb9-0f808032aae3'),
 ('96', '116', '11', '1', 'en_us', '1', NULL, '{\"typeId\":\"11\",\"authorId\":null,\"title\":\"Belong\",\"slug\":\"belong\",\"postDate\":1501123448,\"expiryDate\":null,\"enabled\":1,\"parentId\":null,\"fields\":[]}', '2017-07-27 02:44:08', '2017-07-27 02:44:08', 'a310d364-79c6-4bce-9b2c-a7d678508ca2'),
 ('97', '19', '7', '1', 'en_us', '22', '', '{\"typeId\":\"7\",\"authorId\":\"1\",\"title\":\"About Our Church\",\"slug\":\"about-our-church\",\"postDate\":1497464640,\"expiryDate\":null,\"enabled\":1,\"parentId\":\"15\",\"fields\":{\"15\":[\"70\"],\"13\":{\"47\":{\"type\":\"text\",\"enabled\":\"1\",\"fields\":{\"textField\":\"<p>Need information about what the church is about. <\\/p>\"}},\"new1\":{\"type\":\"image\",\"enabled\":\"1\",\"fields\":{\"imageBlock\":[\"117\"]}}},\"35\":\"\",\"29\":\"\"}}', '2017-07-27 02:53:59', '2017-07-27 02:53:59', '30dc85fd-3868-40ae-b24c-04047f1a3c09'),
 ('98', '19', '7', '1', 'en_us', '23', '', '{\"typeId\":\"7\",\"authorId\":\"1\",\"title\":\"About Our Church\",\"slug\":\"about-our-church\",\"postDate\":1497464640,\"expiryDate\":null,\"enabled\":1,\"parentId\":\"15\",\"fields\":{\"15\":[\"70\"],\"13\":{\"47\":{\"type\":\"text\",\"enabled\":\"1\",\"fields\":{\"textField\":\"<p>Need information about what the church is about. <\\/p>\"}},\"new1\":{\"type\":\"audio\",\"enabled\":\"1\",\"fields\":{\"audioBlock\":[\"117\"]}}},\"35\":\"\",\"29\":\"\"}}', '2017-07-27 03:01:22', '2017-07-27 03:01:22', '8774062a-cb63-44e4-8571-27cff8117e4d'),
 ('99', '19', '7', '1', 'en_us', '24', '', '{\"typeId\":\"7\",\"authorId\":\"1\",\"title\":\"About Our Church\",\"slug\":\"about-our-church\",\"postDate\":1497464640,\"expiryDate\":null,\"enabled\":1,\"parentId\":\"15\",\"fields\":{\"15\":[\"70\"],\"13\":{\"47\":{\"type\":\"text\",\"enabled\":\"1\",\"fields\":{\"textField\":\"<p>Need information about what the church is about. <\\/p>\"}}},\"35\":\"\",\"29\":\"\"}}', '2017-07-27 03:02:49', '2017-07-27 03:02:49', 'acba5b5d-76f2-4336-90d4-737b1a44ec79'),
 ('100', '35', '7', '1', 'en_us', '5', '', '{\"typeId\":\"7\",\"authorId\":\"1\",\"title\":\"Prayer Requests\",\"slug\":\"prayer-requests\",\"postDate\":1499795760,\"expiryDate\":null,\"enabled\":1,\"parentId\":\"18\",\"fields\":{\"15\":\"\",\"13\":{\"new1\":{\"type\":\"form\",\"enabled\":\"1\",\"fields\":{\"selectFormType\":\"prayerRequest\",\"whereWouldYouLikeThisFormToBeSentTo\":\"cowens@reachnative.com\"}}},\"35\":\"\",\"29\":\"\"}}', '2017-07-27 03:27:15', '2017-07-27 03:27:15', 'e586f3c4-e266-4d0b-b92a-ca9037dc753e'),
 ('101', '35', '7', '1', 'en_us', '6', '', '{\"typeId\":\"7\",\"authorId\":\"1\",\"title\":\"Prayer Requests\",\"slug\":\"prayer-requests\",\"postDate\":1499795760,\"expiryDate\":null,\"enabled\":1,\"parentId\":\"18\",\"fields\":{\"15\":\"\",\"13\":{\"120\":{\"type\":\"form\",\"enabled\":\"1\",\"fields\":{\"selectFormType\":\"prayerRequest\",\"whereWouldYouLikeThisFormToBeSentTo\":\"cowens@reachnative.com\"}}},\"35\":\"\",\"29\":\"\"}}', '2017-07-27 03:29:07', '2017-07-27 03:29:07', '467302d6-9395-4466-88f1-a83dd1f1e343'),
 ('102', '35', '7', '1', 'en_us', '7', '', '{\"typeId\":\"7\",\"authorId\":\"1\",\"title\":\"Prayer Requests\",\"slug\":\"prayer-requests\",\"postDate\":1499795760,\"expiryDate\":null,\"enabled\":1,\"parentId\":\"18\",\"fields\":{\"15\":\"\",\"13\":{\"new1\":{\"type\":\"text\",\"enabled\":\"1\",\"fields\":{\"textField\":\"<p>Submit your requests here. (A more thorough paragraph could be added here.)<\\/p>\"},\"collapsed\":\"\"}},\"35\":\"\",\"29\":\"\"}}', '2017-07-27 14:10:37', '2017-07-27 14:10:37', '51e50ca6-904d-479b-9fb9-18b6e08a967c'),
 ('103', '35', '7', '1', 'en_us', '8', '', '{\"typeId\":\"7\",\"authorId\":\"1\",\"title\":\"Prayer Requests\",\"slug\":\"prayer-requests\",\"postDate\":1499795760,\"expiryDate\":null,\"enabled\":1,\"parentId\":\"18\",\"fields\":{\"15\":\"\",\"13\":{\"121\":{\"type\":\"text\",\"enabled\":\"1\",\"fields\":{\"textField\":\"<p>Submit your requests here. (A more thorough paragraph could be added here.)<\\/p>\"}},\"new1\":{\"type\":\"form\",\"enabled\":\"1\",\"fields\":{\"selectFormType\":\"registrationForm\",\"whereWouldYouLikeThisFormToBeSentTo\":\"cowens@reachnative.com\"}}},\"35\":\"\",\"29\":\"\"}}', '2017-07-27 14:32:48', '2017-07-27 14:32:48', '1c1d1e50-f3ef-4959-80f5-028bd9d04a08'),
 ('104', '35', '7', '1', 'en_us', '9', '', '{\"typeId\":\"7\",\"authorId\":\"1\",\"title\":\"Prayer Requests\",\"slug\":\"prayer-requests\",\"postDate\":1499795760,\"expiryDate\":null,\"enabled\":1,\"parentId\":\"18\",\"fields\":{\"15\":\"\",\"13\":{\"121\":{\"type\":\"text\",\"enabled\":\"1\",\"fields\":{\"textField\":\"<p>Submit your requests here. (A more thorough paragraph could be added here.)<\\/p>\"}},\"122\":{\"type\":\"form\",\"enabled\":\"1\",\"fields\":{\"selectFormType\":\"prayerRequest\",\"mailTo\":\"cowens@reachnative.com\"}}},\"35\":\"\",\"29\":\"\"}}', '2017-07-27 15:00:56', '2017-07-27 15:00:56', 'fe2e66eb-2dda-48cb-92aa-a177a18af236'),
 ('105', '37', '7', '1', 'en_us', '2', '', '{\"typeId\":\"7\",\"authorId\":\"1\",\"title\":\"Contact Us\",\"slug\":\"contact-us\",\"postDate\":1499796000,\"expiryDate\":null,\"enabled\":1,\"parentId\":\"18\",\"fields\":{\"15\":\"\",\"13\":{\"new1\":{\"type\":\"form\",\"enabled\":\"1\",\"fields\":{\"selectFormType\":\"contactUs\",\"mailTo\":\"debbie@sulphurspringsumc.com\"}}},\"35\":\"\",\"29\":\"\"}}', '2017-07-27 15:03:29', '2017-07-27 15:03:29', 'a1517d66-d292-4276-a478-876991d204bc'),
 ('106', '37', '7', '1', 'en_us', '3', '', '{\"typeId\":\"7\",\"authorId\":\"1\",\"title\":\"Contact Us\",\"slug\":\"contact-us\",\"postDate\":1499796000,\"expiryDate\":null,\"enabled\":1,\"parentId\":\"18\",\"fields\":{\"15\":\"\",\"13\":{\"123\":{\"type\":\"form\",\"enabled\":\"1\",\"fields\":{\"selectFormType\":\"contactUs\",\"mailTo\":\"cowens@reachnative.com\"}}},\"35\":\"\",\"29\":\"\"}}', '2017-07-27 15:50:46', '2017-07-27 15:50:46', '28d34c55-ba19-4213-b83a-17f023266b76'),
 ('107', '37', '7', '1', 'en_us', '4', '', '{\"typeId\":\"7\",\"authorId\":\"1\",\"title\":\"Contact Us\",\"slug\":\"contact-us\",\"postDate\":1499796000,\"expiryDate\":null,\"enabled\":1,\"parentId\":\"18\",\"fields\":{\"15\":\"\",\"13\":{\"123\":{\"type\":\"form\",\"enabled\":\"1\",\"fields\":{\"selectFormType\":\"contactUs\",\"mailTo\":\"cowens@reachnative.com\"}}},\"35\":\"\",\"29\":\"\"}}', '2017-07-27 15:54:37', '2017-07-27 15:54:37', '8d87dce7-37b0-4b80-a837-0e749696d7bf'),
 ('108', '2', '1', '1', 'en_us', '21', '', '{\"typeId\":null,\"authorId\":null,\"title\":\"Welcome to Sulphur Springs United Methodist Church!\",\"slug\":\"homepage\",\"postDate\":1497282264,\"expiryDate\":null,\"enabled\":1,\"parentId\":null,\"fields\":{\"36\":[\"112\"],\"4\":{\"11\":{\"type\":\"addSlide\",\"enabled\":\"1\",\"fields\":{\"slideText\":\"Serving Others\",\"buttonUrl\":\"http:\\/\\/dev.sulphurspringsumc.com\\/discover\"}},\"113\":{\"type\":\"addSlide\",\"enabled\":\"1\",\"fields\":{\"slideText\":\"Loving One Another\",\"buttonUrl\":\"\"}}}}}', '2017-07-27 16:54:42', '2017-07-27 16:54:42', '199272de-e81a-4ce8-ae4c-cdc33c92d3f4'),
 ('109', '82', '9', '1', 'en_us', '2', '', '{\"typeId\":null,\"authorId\":null,\"title\":\"Discover More\",\"slug\":\"discover-more\",\"postDate\":1501002672,\"expiryDate\":null,\"enabled\":1,\"parentId\":null,\"fields\":{\"13\":\"\"}}', '2017-07-27 17:00:04', '2017-07-27 17:00:04', '1edc3e0c-1d1c-41f9-b9a7-3d57568461df');
INSERT INTO `craft_entryversions` (`id`, `entryId`, `sectionId`, `creatorId`, `locale`, `num`, `notes`, `data`, `dateCreated`, `dateUpdated`, `uid`) VALUES
 ('110', '19', '7', '1', 'en_us', '25', '', '{\"typeId\":\"7\",\"authorId\":\"1\",\"title\":\"About Our Church\",\"slug\":\"about-our-church\",\"postDate\":1497464640,\"expiryDate\":null,\"enabled\":1,\"parentId\":\"15\",\"fields\":{\"15\":[\"70\"],\"13\":{\"47\":{\"type\":\"text\",\"enabled\":\"1\",\"fields\":{\"textField\":\"<p>We are a congregation of over four hundred members in the beautiful Sulphur Springs community of Washington County, Tennessee. We are a congregation with a unique history and an exciting future. We are United Methodists, but most importantly, we are disciples of Jesus Christ. We are people just like you.<\\/p>\"}}},\"35\":\"\",\"29\":\"\"}}', '2017-07-27 17:07:34', '2017-07-27 17:07:34', '9e2e6ed6-948c-4393-a6b4-05dcb8952f9a'),
 ('111', '37', '7', '1', 'en_us', '5', '', '{\"typeId\":\"7\",\"authorId\":\"1\",\"title\":\"Contact Us\",\"slug\":\"contact-us\",\"postDate\":1499796000,\"expiryDate\":null,\"enabled\":1,\"parentId\":\"18\",\"fields\":{\"15\":\"\",\"13\":{\"123\":{\"type\":\"form\",\"enabled\":\"1\",\"fields\":{\"selectFormType\":\"contactUs\",\"mailTo\":\"cowens@reachnative.com\"}}},\"35\":\"mailto:debbie@sulphurspringsumc.com?subject=New Message from SSUMC Website\",\"29\":\"\"}}', '2017-07-27 17:13:28', '2017-07-27 17:13:28', '3945f1da-9500-4d37-9d32-930a30e30500'),
 ('112', '37', '7', '1', 'en_us', '6', '', '{\"typeId\":\"7\",\"authorId\":\"1\",\"title\":\"Contact Us\",\"slug\":\"contact-us\",\"postDate\":1499796000,\"expiryDate\":null,\"enabled\":1,\"parentId\":\"18\",\"fields\":{\"15\":\"\",\"13\":{\"123\":{\"type\":\"form\",\"enabled\":\"1\",\"fields\":{\"selectFormType\":\"contactUs\",\"mailTo\":\"cowens@reachnative.com\"}}},\"35\":\"\",\"29\":\"\"}}', '2017-07-27 17:14:10', '2017-07-27 17:14:10', 'ef0d722f-c0eb-47f0-9621-d04935c95c4e'),
 ('113', '31', '7', '1', 'en_us', '2', '', '{\"typeId\":\"7\",\"authorId\":\"1\",\"title\":\"Worship\",\"slug\":\"worship\",\"postDate\":1499443020,\"expiryDate\":null,\"enabled\":1,\"parentId\":\"16\",\"fields\":{\"15\":\"\",\"13\":{\"new1\":{\"type\":\"text\",\"enabled\":\"1\",\"fields\":{\"textField\":\"<p><b>Tradition & Innovation<\\/b><br>People have gathered in this place to worship God for the better part of two centuries, and though times have changed since people gathered in open fields and under brush arbors for the first camp meetings held here, our reverence in worship has remained constant throughout the years.<br><br>We gather for two worship services each Sunday morning. The day begins with a 9:00 AM contemporary worship service in our community ministry center, complete with multimedia features and praise band. At 11:00 AM, we gather together to worship God in a more traditional way.<br><br>About two hundred years ago, people worshiped God in the fields surrounding our church in the earliest camp meetings here, and that was an innovative, contemporary way of worship then. We are grateful that we have been able to maintain the traditions that our ancestors in the faith began here, and we pray that God will continue to lead us in new directions.<br><br>Come worship with us soon!<\\/p>\"}}},\"35\":\"\",\"29\":\"\"}}', '2017-07-27 17:14:40', '2017-07-27 17:14:40', '4452a886-5907-408c-9289-5a16298084f9'),
 ('114', '31', '7', '1', 'en_us', '3', '', '{\"typeId\":\"7\",\"authorId\":\"1\",\"title\":\"Worship\",\"slug\":\"worship\",\"postDate\":1499443020,\"expiryDate\":null,\"enabled\":1,\"parentId\":\"16\",\"fields\":{\"15\":[\"126\"],\"13\":{\"124\":{\"type\":\"text\",\"enabled\":\"1\",\"fields\":{\"textField\":\"<p><strong>Tradition & Innovation<\\/strong><br>People have gathered in this place to worship God for the better part of two centuries, and though times have changed since people gathered in open fields and under brush arbors for the first camp meetings held here, our reverence in worship has remained constant throughout the years.<br><br>We gather for two worship services each Sunday morning. The day begins with a 9:00 AM contemporary worship service in our community ministry center, complete with multimedia features and praise band. At 11:00 AM, we gather together to worship God in a more traditional way.<br><br>About two hundred years ago, people worshiped God in the fields surrounding our church in the earliest camp meetings here, and that was an innovative, contemporary way of worship then. We are grateful that we have been able to maintain the traditions that our ancestors in the faith began here, and we pray that God will continue to lead us in new directions.<br><br>Come worship with us soon!<\\/p>\"}}},\"35\":\"\",\"29\":\"\"}}', '2017-07-27 17:16:59', '2017-07-27 17:16:59', 'e4c258a1-88a0-41f3-bd11-3bbba2dd4cf0'),
 ('115', '31', '7', '1', 'en_us', '4', '', '{\"typeId\":\"7\",\"authorId\":\"1\",\"title\":\"Worship\",\"slug\":\"worship\",\"postDate\":1499443020,\"expiryDate\":null,\"enabled\":1,\"parentId\":\"16\",\"fields\":{\"15\":[\"125\"],\"13\":{\"124\":{\"type\":\"text\",\"enabled\":\"1\",\"fields\":{\"textField\":\"<p><strong>Tradition & Innovation<\\/strong><br>People have gathered in this place to worship God for the better part of two centuries, and though times have changed since people gathered in open fields and under brush arbors for the first camp meetings held here, our reverence in worship has remained constant throughout the years.<\\/p><p><br>We gather for two worship services each Sunday morning. The day begins with a 9:00 AM contemporary worship service in our community ministry center, complete with multimedia features and praise band. At 11:00 AM, we gather together to worship God in a more traditional way.<br><br>About two hundred years ago, people worshiped God in the fields surrounding our church in the earliest camp meetings here, and that was an innovative, contemporary way of worship then. We are grateful that we have been able to maintain the traditions that our ancestors in the faith began here, and we pray that God will continue to lead us in new directions.<br><br>Come worship with us soon!<\\/p>\"}}},\"35\":\"\",\"29\":\"\"}}', '2017-07-27 17:21:28', '2017-07-27 17:21:28', 'bbf6cd8d-c5ce-4fd7-825a-5c8337695ed4'),
 ('116', '31', '7', '1', 'en_us', '5', '', '{\"typeId\":\"7\",\"authorId\":\"1\",\"title\":\"Worship\",\"slug\":\"worship\",\"postDate\":1499443020,\"expiryDate\":null,\"enabled\":1,\"parentId\":\"16\",\"fields\":{\"15\":[\"125\"],\"13\":{\"124\":{\"type\":\"text\",\"enabled\":\"1\",\"fields\":{\"textField\":\"<p><strong>Tradition & Innovation<\\/strong><br>People have gathered in this place to worship God for the better part of two centuries, and though times have changed since people gathered in open fields and under brush arbors for the first camp meetings held here, our reverence in worship has remained constant throughout the years.<\\/p>\\r\\n<p><br>We gather for two worship services each Sunday morning. The day begins with a 9:00 AM contemporary worship service in our community ministry center, complete with multimedia features and praise band. At 11:00 AM, we gather together to worship God in a more traditional way.<br><br>About two hundred years ago, people worshiped God in the fields surrounding our church in the earliest camp meetings here, and that was an innovative, contemporary way of worship then. We are grateful that we have been able to maintain the traditions that our ancestors in the faith began here, and we pray that God will continue to lead us in new directions.<br><br>Come worship with us soon!<\\/p>\"}}},\"35\":\"\",\"29\":\"\"}}', '2017-07-27 17:24:45', '2017-07-27 17:24:45', 'c77d2fa7-2a78-4365-9851-dac0ecb41a0d'),
 ('117', '31', '7', '1', 'en_us', '6', '', '{\"typeId\":\"7\",\"authorId\":\"1\",\"title\":\"Worship\",\"slug\":\"worship\",\"postDate\":1499443020,\"expiryDate\":null,\"enabled\":1,\"parentId\":\"16\",\"fields\":{\"15\":[\"127\"],\"13\":{\"124\":{\"type\":\"text\",\"enabled\":\"1\",\"fields\":{\"textField\":\"<p><strong>Tradition & Innovation<\\/strong><br>People have gathered in this place to worship God for the better part of two centuries, and though times have changed since people gathered in open fields and under brush arbors for the first camp meetings held here, our reverence in worship has remained constant throughout the years.<\\/p>\\r\\n<p><br>We gather for two worship services each Sunday morning. The day begins with a 9:00 AM contemporary worship service in our community ministry center, complete with multimedia features and praise band. At 11:00 AM, we gather together to worship God in a more traditional way.<br><br>About two hundred years ago, people worshiped God in the fields surrounding our church in the earliest camp meetings here, and that was an innovative, contemporary way of worship then. We are grateful that we have been able to maintain the traditions that our ancestors in the faith began here, and we pray that God will continue to lead us in new directions.<br><br>Come worship with us soon!<\\/p>\"}}},\"35\":\"\",\"29\":\"\"}}', '2017-07-27 21:09:49', '2017-07-27 21:09:49', '5d9f2851-56f9-46fc-9dc3-a1b406e4de72'),
 ('118', '20', '7', '1', 'en_us', '7', '', '{\"typeId\":\"7\",\"authorId\":\"1\",\"title\":\"History\",\"slug\":\"history\",\"postDate\":1497464640,\"expiryDate\":null,\"enabled\":1,\"parentId\":\"15\",\"fields\":{\"15\":[\"135\"],\"13\":\"\",\"35\":\"\",\"29\":\"\"}}', '2017-07-27 21:15:44', '2017-07-27 21:15:44', '713e968c-e29d-4085-92eb-9824774833bc'),
 ('119', '37', '7', '1', 'en_us', '7', '', '{\"typeId\":\"7\",\"authorId\":\"1\",\"title\":\"Contact Us\",\"slug\":\"contact-us\",\"postDate\":1499796000,\"expiryDate\":null,\"enabled\":1,\"parentId\":\"18\",\"fields\":{\"15\":\"\",\"13\":{\"123\":{\"type\":\"form\",\"enabled\":\"1\",\"fields\":{\"selectFormType\":\"contactUs\",\"mailTo\":\"owenscoreymac@icloud.com\"}}},\"35\":\"\",\"29\":\"\"}}', '2017-07-28 04:44:11', '2017-07-28 04:44:11', '5a0540d8-b4b5-4fd6-b2b3-c7e98805fe18'),
 ('120', '37', '7', '1', 'en_us', '8', '', '{\"typeId\":\"7\",\"authorId\":\"1\",\"title\":\"Contact Us\",\"slug\":\"contact-us\",\"postDate\":1499796000,\"expiryDate\":null,\"enabled\":1,\"parentId\":\"18\",\"fields\":{\"15\":\"\",\"13\":{\"123\":{\"type\":\"form\",\"enabled\":\"1\",\"fields\":{\"selectFormType\":\"contactUs\",\"mailTo\":\"owenscoreymac@icloud.com\"}}},\"35\":\"\",\"29\":\"\"}}', '2017-07-28 14:54:28', '2017-07-28 14:54:28', 'fc9aa0a1-b043-4541-97ce-c7ff01f78057'),
 ('121', '37', '7', '1', 'en_us', '9', '', '{\"typeId\":\"7\",\"authorId\":\"1\",\"title\":\"Contact Us\",\"slug\":\"contact-us\",\"postDate\":1499796000,\"expiryDate\":null,\"enabled\":1,\"parentId\":\"18\",\"fields\":{\"15\":\"\",\"13\":{\"123\":{\"type\":\"form\",\"enabled\":\"1\",\"fields\":{\"selectFormType\":\"contactUs\",\"mailTo\":\"cowens@umcom.org\"}}},\"35\":\"\",\"29\":\"\"}}', '2017-07-28 15:15:58', '2017-07-28 15:15:58', 'b63dfc18-132c-471c-a664-82f4fe039fef'),
 ('122', '37', '7', '1', 'en_us', '10', '', '{\"typeId\":\"7\",\"authorId\":\"1\",\"title\":\"Contact Us\",\"slug\":\"contact-us\",\"postDate\":1499796000,\"expiryDate\":null,\"enabled\":1,\"parentId\":\"18\",\"fields\":{\"15\":\"\",\"13\":{\"123\":{\"type\":\"form\",\"enabled\":\"1\",\"fields\":{\"selectFormType\":\"contactUs\",\"mailTo\":\"hello@reachnative.com\"}}},\"35\":\"\",\"29\":\"\"}}', '2017-07-28 15:17:14', '2017-07-28 15:17:14', '1347c62d-6886-454a-9f6e-9c9b64bd028b'),
 ('123', '37', '7', '1', 'en_us', '11', '', '{\"typeId\":\"7\",\"authorId\":\"1\",\"title\":\"Contact Us\",\"slug\":\"contact-us\",\"postDate\":1499796000,\"expiryDate\":null,\"enabled\":1,\"parentId\":\"18\",\"fields\":{\"15\":\"\",\"13\":{\"123\":{\"type\":\"form\",\"enabled\":\"1\",\"fields\":{\"selectFormType\":\"contactUs\",\"mailTo\":\"owenscoreymac@icloud.com\"}}},\"35\":\"\",\"29\":\"\"}}', '2017-07-28 16:19:50', '2017-07-28 16:19:50', '92546882-180a-4e48-be1b-6d7f7aa1e29e'),
 ('124', '28', '7', '1', 'en_us', '2', '', '{\"typeId\":\"7\",\"authorId\":\"1\",\"title\":\"Children\",\"slug\":\"children\",\"postDate\":1499442960,\"expiryDate\":null,\"enabled\":1,\"parentId\":\"16\",\"fields\":{\"15\":[\"138\"],\"13\":{\"new1\":{\"type\":\"text\",\"enabled\":\"1\",\"fields\":{\"textField\":\"<p><b>\\\"Let the little children come to me, and do not hinder them, for to such belongs the kingdom of God.\\\"&nbsp;We believe it!<\\/b><br><br><br>We work constantly to find new ways to make the love of Jesus Christ real to the children of our community!&nbsp;<br><br><b>Nursery care&nbsp;<\\/b>is offered for young children for almost every church event. You can rest assured that there will always be a capable, caring adult ready to care for your child during any of our worship services. If you have questions about the availability of nursery care at any other event, please contact us.<br><br><b>Children\'s church&nbsp;<\\/b>is a special time of worship for children between three and eight years old. With the help of loving adults, the children learn the stories of the Bible and begin to develop their own worship habits.<br><br><b>Sunday School<\\/b>&nbsp;classes welcome children ages 2 and up. &nbsp;Click on link to the left for ages and location of all classes for children and youth.<br><br>On Sunday evenings, we have&nbsp;<b>Children\'s Choir<\\/b>&nbsp;and&nbsp;<b>Youth Choir<\\/b>practice. &nbsp;Throughout the year, we have fun Sunday evening events, like the annual Easter Egg hunt and \\\"Trunks of Treats,\\\" our annual celebration of Halloween.<br><br>Throughout the week, Sulphur Springs Community&nbsp;<b>Childcare Center&nbsp;<\\/b>provides daycare for children between ages three months and five years. We offer a loving, nurturing environment for children to develop their social skills together.<br><br>If you have questions about any of our children\'s ministries, please <a href=\\\"http:\\/\\/dev.sulphurspringsumc.com\\/contact\\/contact-us#entry:37\\\">contact us<\\/a>.<\\/p>\"}}},\"35\":\"\",\"29\":\"\"}}', '2017-07-28 17:56:55', '2017-07-28 17:56:55', '7c80ece7-3938-4d18-a770-7ad4f18fc186'),
 ('125', '140', '8', '1', 'en_us', '1', '', '{\"typeId\":null,\"authorId\":\"1\",\"title\":\"Harvest Festival\",\"slug\":\"harvest-festival\",\"postDate\":1501554757,\"expiryDate\":null,\"enabled\":1,\"parentId\":null,\"fields\":{\"47\":{\"date\":\"9\\/10\\/2017\"},\"49\":{\"time\":\"10:00 PM\"},\"50\":\"\",\"45\":\"Harvest Festival\",\"46\":{\"date\":\"9\\/8\\/2017\"},\"48\":{\"time\":\"8:00 AM\"}}}', '2017-08-01 02:32:37', '2017-08-01 02:32:37', '0f02d23c-3ae2-4e20-a394-e70d1558401b'),
 ('126', '116', '11', '1', 'en_us', '2', '', '{\"typeId\":null,\"authorId\":null,\"title\":\"Belong\",\"slug\":\"belong\",\"postDate\":1501123448,\"expiryDate\":null,\"enabled\":1,\"parentId\":null,\"fields\":{\"13\":{\"new1\":{\"type\":\"text\",\"enabled\":\"1\",\"fields\":{\"textField\":\"<p>This is just a test paragraph. Add content to fill this page with something that is informative.<\\/p>\"}}},\"35\":\"\"}}', '2017-08-01 02:42:38', '2017-08-01 02:42:38', 'b1189ee3-eb56-426c-b453-186b4b2eff77'),
 ('127', '140', '8', '1', 'en_us', '2', '', '{\"typeId\":\"8\",\"authorId\":\"1\",\"title\":\"Harvest Festival\",\"slug\":\"harvest-festival\",\"postDate\":1501554720,\"expiryDate\":null,\"enabled\":1,\"parentId\":null,\"fields\":{\"47\":{\"date\":\"9\\/10\\/2017\"},\"49\":{\"time\":\"10:00 PM\"},\"50\":\"\",\"45\":\"Harvest Festival\",\"46\":{\"date\":\"9\\/8\\/2017\"},\"48\":{\"time\":\"8:00 AM\"}}}', '2017-08-02 01:24:07', '2017-08-02 01:24:07', '0e60ff47-ec58-44a7-8517-6717edcbc57e'),
 ('128', '140', '8', '1', 'en_us', '3', '', '{\"typeId\":\"8\",\"authorId\":\"1\",\"title\":\"Harvest Festival\",\"slug\":\"harvest-festival\",\"postDate\":1501554720,\"expiryDate\":null,\"enabled\":1,\"parentId\":\"\",\"fields\":{\"47\":{\"date\":\"9\\/10\\/2017\"},\"49\":{\"time\":\"10:00 PM\"},\"50\":\"What is the Harvest Festival? More information can be put here.\",\"45\":\"Harvest Festival\",\"46\":{\"date\":\"9\\/8\\/2017\"},\"48\":{\"time\":\"8:00 AM\"}}}', '2017-08-02 01:52:48', '2017-08-02 01:52:48', 'd47936fa-9b34-43cc-8088-426fb1e41ed9'),
 ('129', '142', '8', '1', 'en_us', '1', '', '{\"typeId\":null,\"authorId\":\"1\",\"title\":\"Another Event\",\"slug\":\"another-event\",\"postDate\":1501638821,\"expiryDate\":null,\"enabled\":1,\"parentId\":\"\",\"fields\":{\"47\":{\"date\":\"8\\/2\\/2017\"},\"49\":{\"time\":\"\"},\"50\":\"\",\"45\":\"Another Event\",\"46\":{\"date\":\"7\\/27\\/2017\"},\"48\":{\"time\":\"\"}}}', '2017-08-02 01:53:41', '2017-08-02 01:53:41', '3c2e8ebb-b170-44c3-8c3a-1afde18aa88b'),
 ('130', '142', '8', '1', 'en_us', '2', '', '{\"typeId\":\"8\",\"authorId\":\"1\",\"title\":\"Another Event\",\"slug\":\"another-event\",\"postDate\":1501638780,\"expiryDate\":null,\"enabled\":1,\"parentId\":\"\",\"fields\":{\"47\":{\"date\":\"8\\/2\\/2017\"},\"49\":{\"time\":\"\"},\"50\":\"\",\"45\":\"Another Event\",\"46\":{\"date\":\"7\\/27\\/2017\"},\"48\":{\"time\":\"\"}}}', '2017-08-02 01:59:19', '2017-08-02 01:59:19', '96ff0397-2b8a-4316-be54-400641de26f9'),
 ('131', '144', '2', '1', 'en_us', '1', '', '{\"typeId\":null,\"authorId\":\"1\",\"title\":\"Testing Sermon\",\"slug\":\"testing-sermon\",\"postDate\":1501640060,\"expiryDate\":null,\"enabled\":1,\"parentId\":null,\"fields\":{\"53\":[\"143\"],\"52\":{\"date\":\"8\\/6\\/2017\"},\"51\":\"Testing Sermon\",\"54\":\"\"}}', '2017-08-02 02:14:20', '2017-08-02 02:14:20', 'adcceb14-20c4-4db7-9d88-259ba3bfbd86'),
 ('132', '144', '2', '1', 'en_us', '2', '', '{\"typeId\":\"2\",\"authorId\":\"1\",\"title\":\"Testing Sermon\",\"slug\":\"testing-sermon\",\"postDate\":1501640040,\"expiryDate\":null,\"enabled\":0,\"parentId\":null,\"fields\":{\"53\":[\"143\"],\"52\":{\"date\":\"8\\/6\\/2017\"},\"51\":\"Testing Sermon\",\"54\":\"\"}}', '2017-08-02 02:16:37', '2017-08-02 02:16:37', 'd06b1a4e-b10b-4b0a-b208-e80d19d6a439'),
 ('133', '144', '2', '1', 'en_us', '3', '', '{\"typeId\":\"2\",\"authorId\":\"1\",\"title\":\"Testing Sermon\",\"slug\":\"testing-sermon\",\"postDate\":1501640040,\"expiryDate\":null,\"enabled\":1,\"parentId\":null,\"fields\":{\"53\":[\"143\"],\"52\":{\"date\":\"8\\/6\\/2017\"},\"51\":\"Testing Sermon\",\"54\":\"\"}}', '2017-08-02 02:18:30', '2017-08-02 02:18:30', 'e62093ac-5c09-4587-9d29-4c38eb910c0f'),
 ('134', '144', '2', '1', 'en_us', '4', '', '{\"typeId\":\"2\",\"authorId\":\"1\",\"title\":\"Testing Sermon\",\"slug\":\"testing-sermon\",\"postDate\":1501640040,\"expiryDate\":null,\"enabled\":1,\"parentId\":null,\"fields\":{\"53\":[\"143\"],\"52\":{\"date\":\"8\\/6\\/2017\"},\"51\":\"Testing Sermon\",\"54\":\"\"}}', '2017-08-02 02:21:43', '2017-08-02 02:21:43', '69f9a379-d276-4036-ae8f-a2ad341f1d05'),
 ('135', '144', '2', '1', 'en_us', '5', '', '{\"typeId\":\"2\",\"authorId\":\"1\",\"title\":\"Testing Sermon\",\"slug\":\"testing-sermon\",\"postDate\":1501640040,\"expiryDate\":null,\"enabled\":1,\"parentId\":null,\"fields\":{\"53\":\"\",\"52\":{\"date\":\"8\\/6\\/2017\"},\"51\":\"Testing Sermon\",\"54\":\"\"}}', '2017-08-02 02:25:49', '2017-08-02 02:25:49', '87fad24b-14fe-4b0a-88c8-63e253c521a1'),
 ('136', '144', '2', '1', 'en_us', '6', '', '{\"typeId\":\"2\",\"authorId\":\"1\",\"title\":\"Testing Sermon\",\"slug\":\"testing-sermon\",\"postDate\":1501640040,\"expiryDate\":null,\"enabled\":1,\"parentId\":null,\"fields\":{\"53\":[\"143\"],\"52\":{\"date\":\"8\\/6\\/2017\"},\"51\":\"Testing Sermon\",\"54\":\"\"}}', '2017-08-02 02:28:03', '2017-08-02 02:28:03', '0bbb1c2a-f6d2-4c55-adb2-d4c266cab90e'),
 ('137', '144', '2', '1', 'en_us', '7', '', '{\"typeId\":\"2\",\"authorId\":\"1\",\"title\":\"Testing Sermon\",\"slug\":\"testing-sermon\",\"postDate\":1501640040,\"expiryDate\":null,\"enabled\":1,\"parentId\":null,\"fields\":{\"53\":\"\",\"52\":{\"date\":\"8\\/6\\/2017\"},\"51\":\"Testing Sermon\",\"54\":\"\"}}', '2017-08-02 02:33:33', '2017-08-02 02:33:33', '1d945d13-6951-4817-a456-639dc46efce5'),
 ('138', '144', '2', '1', 'en_us', '8', '', '{\"typeId\":\"2\",\"authorId\":\"1\",\"title\":\"Testing Sermon\",\"slug\":\"testing-sermon\",\"postDate\":1501640040,\"expiryDate\":null,\"enabled\":1,\"parentId\":null,\"fields\":{\"53\":[\"145\"],\"52\":{\"date\":\"8\\/6\\/2017\"},\"51\":\"Testing Sermon\",\"54\":\"\"}}', '2017-08-02 02:34:28', '2017-08-02 02:34:28', '08a14cf1-c3c3-45db-bc87-ff4b39bffb33'),
 ('139', '144', '2', '1', 'en_us', '9', '', '{\"typeId\":\"2\",\"authorId\":\"1\",\"title\":\"Testing Sermon\",\"slug\":\"testing-sermon\",\"postDate\":1501640040,\"expiryDate\":null,\"enabled\":1,\"parentId\":null,\"fields\":{\"53\":[\"143\"],\"52\":{\"date\":\"8\\/6\\/2017\"},\"51\":\"Testing Sermon\",\"54\":\"\"}}', '2017-08-02 02:38:24', '2017-08-02 02:38:24', 'b4ae6491-8a1b-4568-a4a0-607b13427c08'),
 ('140', '144', '2', '1', 'en_us', '10', '', '{\"typeId\":\"2\",\"authorId\":\"1\",\"title\":\"Testing Sermon\",\"slug\":\"testing-sermon\",\"postDate\":1501640040,\"expiryDate\":null,\"enabled\":1,\"parentId\":null,\"fields\":{\"53\":[\"145\"],\"52\":{\"date\":\"8\\/6\\/2017\"},\"51\":\"Testing Sermon\",\"54\":\"\"}}', '2017-08-02 02:40:18', '2017-08-02 02:40:18', '06514bfb-2fe5-4b0b-9a27-3f074af65151'),
 ('141', '144', '2', '1', 'en_us', '11', '', '{\"typeId\":\"2\",\"authorId\":\"1\",\"title\":\"Testing Sermon\",\"slug\":\"testing-sermon\",\"postDate\":1501640040,\"expiryDate\":null,\"enabled\":1,\"parentId\":null,\"fields\":{\"53\":[\"145\"],\"52\":{\"date\":\"8\\/6\\/2017\"},\"51\":\"Testing Sermon\",\"54\":\"\"}}', '2017-08-02 02:43:09', '2017-08-02 02:43:09', '5bfb8c0a-b7a6-4024-a7ba-d294e21ba7b9'),
 ('142', '144', '2', '1', 'en_us', '12', '', '{\"typeId\":\"2\",\"authorId\":\"1\",\"title\":\"Testing Sermon\",\"slug\":\"testing-sermon\",\"postDate\":1501640040,\"expiryDate\":null,\"enabled\":1,\"parentId\":null,\"fields\":{\"53\":[\"146\"],\"52\":{\"date\":\"8\\/6\\/2017\"},\"51\":\"Testing Sermon\",\"54\":\"\"}}', '2017-08-02 02:43:31', '2017-08-02 02:43:31', 'bd5c1add-ebed-4838-ab7c-3599649afdb7'),
 ('143', '147', '2', '1', 'en_us', '1', '', '{\"typeId\":null,\"authorId\":\"1\",\"title\":\"Another Sermon\",\"slug\":\"another-sermon\",\"postDate\":1501641841,\"expiryDate\":null,\"enabled\":1,\"parentId\":null,\"fields\":{\"53\":\"\",\"52\":{\"date\":\"8\\/13\\/2017\"},\"51\":\"Another Sermon\",\"54\":\"\"}}', '2017-08-02 02:44:01', '2017-08-02 02:44:01', 'ea629c46-69e6-46e7-b378-d6dd0e899592'),
 ('144', '140', '8', '1', 'en_us', '4', '', '{\"typeId\":\"8\",\"authorId\":\"1\",\"title\":\"Harvest Festival\",\"slug\":\"harvest-festival\",\"postDate\":1501554720,\"expiryDate\":null,\"enabled\":1,\"parentId\":\"\",\"fields\":{\"47\":{\"date\":\"9\\/10\\/2017\"},\"49\":{\"time\":\"10:00 PM\"},\"50\":\"What is the Harvest Festival? More information can be put here.\",\"56\":[\"103\"],\"45\":\"Harvest Festival\",\"46\":{\"date\":\"9\\/8\\/2017\"},\"48\":{\"time\":\"8:00 AM\"}}}', '2017-08-03 16:51:09', '2017-08-03 16:51:09', '09854d9e-9f33-4329-a507-2ed6bd48de3b'),
 ('145', '140', '8', '1', 'en_us', '5', '', '{\"typeId\":\"8\",\"authorId\":\"1\",\"title\":\"Harvest Festival\",\"slug\":\"harvest-festival\",\"postDate\":1501554720,\"expiryDate\":null,\"enabled\":1,\"parentId\":\"\",\"fields\":{\"47\":{\"date\":\"9\\/10\\/2017\"},\"49\":{\"time\":\"10:00 PM\"},\"50\":\"What is the Harvest Festival? More information can be put here.\",\"56\":[\"103\"],\"45\":\"Harvest Festival\",\"46\":{\"date\":\"9\\/8\\/2017\"},\"48\":{\"time\":\"8:00 AM\"}}}', '2017-08-03 16:52:21', '2017-08-03 16:52:21', 'fc0679b1-2032-4a80-a4cd-3b6a5a39a34d'),
 ('146', '140', '8', '1', 'en_us', '6', '', '{\"typeId\":\"8\",\"authorId\":\"1\",\"title\":\"Harvest Festival\",\"slug\":\"harvest-festival\",\"postDate\":1501554720,\"expiryDate\":null,\"enabled\":1,\"parentId\":\"\",\"fields\":{\"47\":{\"date\":\"9\\/10\\/2017\"},\"49\":{\"time\":\"10:00 PM\"},\"50\":\"What is the Harvest Festival? More information can be put here.\",\"56\":[\"103\"],\"45\":\"Harvest Festival\",\"46\":{\"date\":\"9\\/8\\/2017\"},\"48\":{\"time\":\"8:00 AM\"}}}', '2017-08-03 16:52:25', '2017-08-03 16:52:25', 'af25fbbb-14fa-4847-a872-482d414a5da2'),
 ('147', '140', '8', '1', 'en_us', '7', '', '{\"typeId\":\"8\",\"authorId\":\"1\",\"title\":\"Harvest Festival\",\"slug\":\"harvest-festival\",\"postDate\":1501554720,\"expiryDate\":null,\"enabled\":1,\"parentId\":\"\",\"fields\":{\"47\":{\"date\":\"9\\/10\\/2017\"},\"49\":{\"time\":\"10:00 PM\"},\"50\":\"What is the Harvest Festival? More information can be put here.\",\"56\":[\"85\"],\"45\":\"Harvest Festival\",\"46\":{\"date\":\"9\\/8\\/2017\"},\"48\":{\"time\":\"8:00 AM\"}}}', '2017-08-03 16:55:26', '2017-08-03 16:55:26', 'bedb6f9e-a432-4bc6-a254-7bc88d732be8'),
 ('148', '142', '8', '1', 'en_us', '3', '', '{\"typeId\":\"8\",\"authorId\":\"1\",\"title\":\"Another Event\",\"slug\":\"another-event\",\"postDate\":1501638780,\"expiryDate\":null,\"enabled\":1,\"parentId\":\"\",\"fields\":{\"47\":{\"date\":\"8\\/2\\/2017\"},\"49\":{\"time\":\"\"},\"50\":\"\",\"56\":\"\",\"45\":\"Another Event\",\"46\":{\"date\":\"8\\/3\\/2017\"},\"48\":{\"time\":\"\"}}}', '2017-08-03 17:04:33', '2017-08-03 17:04:33', '1475fb0b-6372-41cf-9042-73ae147c0691'),
 ('149', '142', '8', '1', 'en_us', '4', '', '{\"typeId\":\"8\",\"authorId\":\"1\",\"title\":\"Another Event\",\"slug\":\"another-event\",\"postDate\":1501638780,\"expiryDate\":null,\"enabled\":1,\"parentId\":\"\",\"fields\":{\"47\":{\"date\":\"8\\/3\\/2017\"},\"49\":{\"time\":\"\"},\"50\":\"\",\"56\":\"\",\"45\":\"Another Event\",\"46\":{\"date\":\"8\\/3\\/2017\"},\"48\":{\"time\":\"\"}}}', '2017-08-03 17:05:16', '2017-08-03 17:05:16', '74333762-ce3a-4161-8d08-7a21a13e3a81'),
 ('150', '142', '8', '1', 'en_us', '5', '', '{\"typeId\":\"8\",\"authorId\":\"1\",\"title\":\"Another Event\",\"slug\":\"another-event\",\"postDate\":1501638780,\"expiryDate\":null,\"enabled\":1,\"parentId\":\"\",\"fields\":{\"47\":{\"date\":\"8\\/4\\/2017\"},\"49\":{\"time\":\"\"},\"50\":\"\",\"56\":\"\",\"45\":\"Another Event\",\"46\":{\"date\":\"8\\/3\\/2017\"},\"48\":{\"time\":\"\"}}}', '2017-08-03 17:05:37', '2017-08-03 17:05:37', '2d724ed9-43da-41d0-a1ab-d49eec8f96c4'),
 ('151', '142', '8', '1', 'en_us', '6', '', '{\"typeId\":\"8\",\"authorId\":\"1\",\"title\":\"Another Event\",\"slug\":\"another-event\",\"postDate\":1501725180,\"expiryDate\":null,\"enabled\":1,\"parentId\":\"\",\"fields\":{\"47\":{\"date\":\"8\\/4\\/2017\"},\"49\":{\"time\":\"\"},\"50\":\"\",\"56\":\"\",\"45\":\"Another Event\",\"46\":{\"date\":\"8\\/3\\/2017\"},\"48\":{\"time\":\"\"}}}', '2017-08-03 17:06:03', '2017-08-03 17:06:03', '545e2894-0871-465d-ac50-1a2bad480a26'),
 ('152', '142', '8', '1', 'en_us', '7', '', '{\"typeId\":\"8\",\"authorId\":\"1\",\"title\":\"Another Event\",\"slug\":\"another-event\",\"postDate\":1501725180,\"expiryDate\":null,\"enabled\":1,\"parentId\":\"\",\"fields\":{\"47\":{\"date\":\"8\\/4\\/2017\"},\"49\":{\"time\":\"\"},\"50\":\"\",\"56\":\"\",\"45\":\"Another Event\",\"46\":{\"date\":\"8\\/4\\/2017\"},\"48\":{\"time\":\"\"}}}', '2017-08-03 17:06:29', '2017-08-03 17:06:29', 'd0ebc473-a785-4d31-a816-3e346588f39f'),
 ('153', '142', '8', '1', 'en_us', '8', '', '{\"typeId\":\"8\",\"authorId\":\"1\",\"title\":\"Another Event\",\"slug\":\"another-event\",\"postDate\":1501725180,\"expiryDate\":null,\"enabled\":1,\"parentId\":\"\",\"fields\":{\"47\":{\"date\":\"8\\/3\\/2017\"},\"49\":{\"time\":\"\"},\"50\":\"\",\"56\":\"\",\"45\":\"Another Event\",\"46\":{\"date\":\"8\\/3\\/2017\"},\"48\":{\"time\":\"\"}}}', '2017-08-03 17:07:36', '2017-08-03 17:07:36', '4c20cfb8-c07a-4ae5-ac09-f850d9c7e1a6'),
 ('154', '142', '8', '1', 'en_us', '9', '', '{\"typeId\":\"8\",\"authorId\":\"1\",\"title\":\"Another Event\",\"slug\":\"another-event\",\"postDate\":1501725180,\"expiryDate\":null,\"enabled\":1,\"parentId\":\"\",\"fields\":{\"47\":{\"date\":\"8\\/2\\/2017\"},\"49\":{\"time\":\"\"},\"50\":\"\",\"56\":\"\",\"45\":\"Another Event\",\"46\":{\"date\":\"8\\/2\\/2017\"},\"48\":{\"time\":\"\"}}}', '2017-08-03 17:07:47', '2017-08-03 17:07:47', '1faef103-d50d-419b-8174-702930bd62e8'),
 ('155', '37', '7', '1', 'en_us', '12', '', '{\"typeId\":\"7\",\"authorId\":\"1\",\"title\":\"Contact Us\",\"slug\":\"contact-us\",\"postDate\":1499796000,\"expiryDate\":null,\"enabled\":1,\"parentId\":\"18\",\"fields\":{\"15\":\"\",\"13\":{\"123\":{\"type\":\"form\",\"enabled\":\"1\",\"fields\":{\"selectFormType\":\"contactUs\",\"mailTo\":\"owenscoreymac@icloud.com\"}},\"new1\":{\"type\":\"map\",\"enabled\":\"1\",\"fields\":{\"mapButton\":\"1\"}}},\"35\":\"\",\"29\":\"\"}}', '2017-08-04 15:49:20', '2017-08-04 15:49:20', '5fb29676-0919-42d4-a95a-efd34bc91a80'),
 ('156', '37', '7', '1', 'en_us', '13', '', '{\"typeId\":\"7\",\"authorId\":\"1\",\"title\":\"Contact Us\",\"slug\":\"contact-us\",\"postDate\":1499796000,\"expiryDate\":null,\"enabled\":1,\"parentId\":\"18\",\"fields\":{\"15\":\"\",\"13\":{\"123\":{\"type\":\"form\",\"enabled\":\"1\",\"fields\":{\"selectFormType\":\"contactUs\",\"mailTo\":\"owenscoreymac@icloud.com\"}},\"151\":{\"type\":\"map\",\"enabled\":\"1\",\"fields\":{\"mapButton\":\"1\"}}},\"35\":\"\",\"29\":\"\"}}', '2017-08-04 15:56:18', '2017-08-04 15:56:18', '4cbe83ce-0ad1-4eef-a6ff-80def0ec5827'),
 ('157', '37', '7', '1', 'en_us', '14', '', '{\"typeId\":\"7\",\"authorId\":\"1\",\"title\":\"Contact Us\",\"slug\":\"contact-us\",\"postDate\":1499796000,\"expiryDate\":null,\"enabled\":1,\"parentId\":\"18\",\"fields\":{\"15\":\"\",\"13\":{\"151\":{\"type\":\"map\",\"enabled\":\"1\",\"fields\":{\"mapButton\":\"1\"}},\"123\":{\"type\":\"form\",\"enabled\":\"1\",\"fields\":{\"selectFormType\":\"contactUs\",\"mailTo\":\"owenscoreymac@icloud.com\"}}},\"35\":\"\",\"29\":\"\"}}', '2017-08-04 16:26:09', '2017-08-04 16:26:09', '5ee227cf-55a2-4133-a89d-c9e76d20f6b5');



DROP TABLE IF EXISTS `craft_fieldgroups`;


--
-- Schema for table `craft_fieldgroups`
--
CREATE TABLE `craft_fieldgroups` (
  `id` int(11) NOT NULL AUTO_INCREMENT,
  `name` varchar(255) COLLATE utf8_unicode_ci NOT NULL,
  `dateCreated` datetime NOT NULL,
  `dateUpdated` datetime NOT NULL,
  `uid` char(36) COLLATE utf8_unicode_ci NOT NULL DEFAULT '0',
  PRIMARY KEY (`id`),
  UNIQUE KEY `craft_fieldgroups_name_unq_idx` (`name`)
) ENGINE=InnoDB AUTO_INCREMENT=6 DEFAULT CHARSET=utf8 COLLATE=utf8_unicode_ci;

--
-- Data for table `craft_fieldgroups`
--

INSERT INTO `craft_fieldgroups` (`id`, `name`, `dateCreated`, `dateUpdated`, `uid`) VALUES
 ('1', 'Default', '2017-06-12 15:44:24', '2017-06-12 15:44:24', 'ff901ea8-2e0b-49d3-944d-be305e422b3a'),
 ('2', 'Content', '2017-06-14 15:20:01', '2017-06-14 15:28:25', 'd1956e33-8035-4e6d-8161-ce52012a33b3'),
 ('3', 'Footer', '2017-06-14 19:02:23', '2017-06-14 19:02:23', '6569d927-940c-4af6-936b-2a2b1931aa2d'),
 ('4', 'Events', '2017-08-01 02:28:02', '2017-08-01 02:28:02', '6817fbd2-258b-4c27-b270-5e03a49fd74d'),
 ('5', 'Sermons', '2017-08-02 02:04:13', '2017-08-02 02:04:13', 'b9945d2d-c756-4d24-8b25-36ce81930445');



DROP TABLE IF EXISTS `craft_fieldlayoutfields`;


--
-- Schema for table `craft_fieldlayoutfields`
--
CREATE TABLE `craft_fieldlayoutfields` (
  `id` int(11) NOT NULL AUTO_INCREMENT,
  `layoutId` int(11) NOT NULL,
  `tabId` int(11) NOT NULL,
  `fieldId` int(11) NOT NULL,
  `required` tinyint(1) unsigned NOT NULL DEFAULT '0',
  `sortOrder` smallint(6) unsigned DEFAULT NULL,
  `dateCreated` datetime NOT NULL,
  `dateUpdated` datetime NOT NULL,
  `uid` char(36) COLLATE utf8_unicode_ci NOT NULL DEFAULT '0',
  PRIMARY KEY (`id`),
  UNIQUE KEY `craft_fieldlayoutfields_layoutId_fieldId_unq_idx` (`layoutId`,`fieldId`),
  KEY `craft_fieldlayoutfields_sortOrder_idx` (`sortOrder`),
  KEY `craft_fieldlayoutfields_tabId_fk` (`tabId`),
  KEY `craft_fieldlayoutfields_fieldId_fk` (`fieldId`)
) ENGINE=InnoDB AUTO_INCREMENT=262 DEFAULT CHARSET=utf8 COLLATE=utf8_unicode_ci;

--
-- Data for table `craft_fieldlayoutfields`
--

INSERT INTO `craft_fieldlayoutfields` (`id`, `layoutId`, `tabId`, `fieldId`, `required`, `sortOrder`, `dateCreated`, `dateUpdated`, `uid`) VALUES
 ('33', '26', '14', '9', '0', '1', '2017-06-14 19:03:37', '2017-06-14 19:03:37', '418a7517-5a28-42e5-b0eb-3c8d49da6878'),
 ('34', '29', '15', '10', '0', '1', '2017-06-14 20:33:36', '2017-06-14 20:33:36', 'b36959fe-3e86-4951-b4b8-62f833b788a0'),
 ('35', '29', '15', '11', '0', '2', '2017-06-14 20:33:36', '2017-06-14 20:33:36', 'f276b409-d7d8-4cd8-8f77-c99efe7e49f3'),
 ('41', '32', '18', '12', '0', '1', '2017-06-26 15:01:58', '2017-06-26 15:01:58', '0bee581d-8d04-4f52-a86b-f52f67f61d2e'),
 ('138', '95', '74', '30', '1', '1', '2017-07-24 16:45:06', '2017-07-24 16:45:06', 'cd51aea6-5e3b-43ec-979b-8500ce663b3b'),
 ('139', '95', '74', '31', '1', '2', '2017-07-24 16:45:06', '2017-07-24 16:45:06', 'f909fb77-0e34-408f-95b6-c9e3138533b7'),
 ('140', '95', '74', '34', '1', '3', '2017-07-24 16:45:06', '2017-07-24 16:45:06', '047c0ed8-7b13-4492-9d50-137742579fd9'),
 ('141', '95', '74', '32', '0', '4', '2017-07-24 16:45:06', '2017-07-24 16:45:06', '09bf8d13-4361-4c64-8018-a525ffdd1b7d'),
 ('142', '95', '74', '33', '1', '5', '2017-07-24 16:45:06', '2017-07-24 16:45:06', '53db5adf-770e-4bff-a7dc-2c5940f94cf2'),
 ('143', '103', '75', '35', '0', '1', '2017-07-26 17:38:34', '2017-07-26 17:38:34', '6b3d5dcc-fa13-48dc-86a3-447ebf5f1305'),
 ('144', '103', '75', '15', '0', '2', '2017-07-26 17:38:34', '2017-07-26 17:38:34', 'f2cf2416-b6a1-4efb-b999-010424a77644'),
 ('145', '103', '75', '13', '0', '3', '2017-07-26 17:38:34', '2017-07-26 17:38:34', '93c2b61e-b734-4304-b09a-abe7a2545b96'),
 ('146', '103', '76', '29', '0', '1', '2017-07-26 17:38:34', '2017-07-26 17:38:34', '6e0f7b52-4c1d-4bb7-b505-1cb59443002c'),
 ('147', '104', '77', '13', '0', '1', '2017-07-26 17:54:21', '2017-07-26 17:54:21', '04d9c03c-50ff-4406-956a-80551e5033ee'),
 ('150', '107', '79', '36', '0', '1', '2017-07-26 21:46:20', '2017-07-26 21:46:20', 'a22f34b7-fbd6-487c-82d8-da040fb074b5'),
 ('151', '107', '79', '4', '0', '2', '2017-07-26 21:46:20', '2017-07-26 21:46:20', 'c39cd0c8-eafb-4ae7-909f-a20612a98332'),
 ('201', '144', '113', '6', '0', '1', '2017-07-27 16:57:58', '2017-07-27 16:57:58', 'fea76d7c-e27a-42a7-95c2-bdf9a427d2af'),
 ('203', '146', '115', '13', '0', '1', '2017-07-27 16:59:56', '2017-07-27 16:59:56', 'b9040da6-fd00-42b0-a375-f7a81a791be4'),
 ('219', '155', '124', '15', '0', '1', '2017-08-01 02:43:40', '2017-08-01 02:43:40', '3ee50640-a69f-4f8d-b32d-17e6513f1956'),
 ('220', '155', '124', '35', '0', '2', '2017-08-01 02:43:40', '2017-08-01 02:43:40', '04c76a4d-8bd5-41d3-a220-62d90a13ab52'),
 ('221', '155', '124', '13', '0', '3', '2017-08-01 02:43:40', '2017-08-01 02:43:40', '1ec3fec0-0bcb-4062-84c9-2732a105cf02'),
 ('222', '156', '125', '15', '0', '1', '2017-08-01 02:43:57', '2017-08-01 02:43:57', '6b0cb9ac-73c7-48da-88eb-cae2ba049460'),
 ('223', '156', '125', '35', '0', '2', '2017-08-01 02:43:57', '2017-08-01 02:43:57', '4092629d-1dd3-424c-8f50-dad8aca3f773'),
 ('224', '156', '125', '13', '0', '3', '2017-08-01 02:43:57', '2017-08-01 02:43:57', '8e8c1ff0-8c7d-42d8-b724-69d78be4a910'),
 ('241', '162', '130', '51', '0', '1', '2017-08-02 02:16:12', '2017-08-02 02:16:12', '91a25d5a-a1b6-4414-ada3-9e1ab7a71155'),
 ('242', '162', '130', '52', '0', '2', '2017-08-02 02:16:12', '2017-08-02 02:16:12', 'd37e374e-0d8c-4ca0-b818-034bc6f24fda'),
 ('243', '162', '130', '54', '0', '3', '2017-08-02 02:16:12', '2017-08-02 02:16:12', 'b1f2267a-2d77-4031-8dd6-9afb75cb7d51'),
 ('244', '162', '130', '53', '0', '4', '2017-08-02 02:16:12', '2017-08-02 02:16:12', '5b7e8505-a774-480c-990d-6df0cb6af3dd'),
 ('245', '165', '131', '55', '0', '1', '2017-08-03 15:52:36', '2017-08-03 15:52:36', '3eb1979b-67bf-447f-a842-cc033d0af05a'),
 ('246', '168', '132', '45', '0', '1', '2017-08-03 16:48:43', '2017-08-03 16:48:43', 'a76d57b9-7b9b-4da8-ba6b-4835f24b570b'),
 ('247', '168', '132', '56', '0', '2', '2017-08-03 16:48:43', '2017-08-03 16:48:43', 'cf4b9469-df6b-4bef-a866-145040012818'),
 ('248', '168', '132', '46', '0', '3', '2017-08-03 16:48:43', '2017-08-03 16:48:43', 'd1dc0e81-7ca4-4044-afe5-0da5511320f0'),
 ('249', '168', '132', '47', '0', '4', '2017-08-03 16:48:43', '2017-08-03 16:48:43', '8cba0a39-b3f3-4edf-a71a-69e8b9d9ea49'),
 ('250', '168', '132', '48', '0', '5', '2017-08-03 16:48:44', '2017-08-03 16:48:44', 'fa6ed698-a048-4bff-b3f3-7d42fabfa5eb'),
 ('251', '168', '132', '49', '0', '6', '2017-08-03 16:48:44', '2017-08-03 16:48:44', '7b85e477-7619-405b-9bc1-e3441af6ce77'),
 ('252', '168', '132', '50', '0', '7', '2017-08-03 16:48:44', '2017-08-03 16:48:44', '1e6c4816-e83b-4fdb-b1db-e2979809bf68'),
 ('253', '169', '133', '16', '0', '1', '2017-08-04 15:47:05', '2017-08-04 15:47:05', '65add613-ddd1-430f-9d27-067c0555a127'),
 ('254', '170', '134', '17', '0', '1', '2017-08-04 15:47:06', '2017-08-04 15:47:06', 'fb2b739f-3125-4079-9579-9e34ff05768f'),
 ('255', '171', '135', '18', '0', '1', '2017-08-04 15:47:06', '2017-08-04 15:47:06', 'ca758b79-0bfb-422b-8c94-7f178b7ac602'),
 ('256', '172', '136', '20', '0', '1', '2017-08-04 15:47:06', '2017-08-04 15:47:06', 'ae738bed-75a7-41c2-9ba9-9bff30c81baa'),
 ('257', '172', '136', '21', '0', '2', '2017-08-04 15:47:06', '2017-08-04 15:47:06', '3ea64f92-750e-4b5a-bcac-93d8bcedd255'),
 ('258', '173', '137', '22', '1', '1', '2017-08-04 15:47:06', '2017-08-04 15:47:06', '4a3a9805-2e4b-4ca9-b6f3-3fe0813879ed'),
 ('259', '173', '137', '23', '1', '2', '2017-08-04 15:47:06', '2017-08-04 15:47:06', '9243e233-1fdf-45f3-a294-0a2861eca7f8'),
 ('260', '174', '138', '37', '0', '1', '2017-08-04 15:47:06', '2017-08-04 15:47:06', '3a4cb11a-56d3-40c8-8eaf-d3a03850204a'),
 ('261', '175', '139', '57', '0', '1', '2017-08-04 15:47:06', '2017-08-04 15:47:06', '4162c57e-6b68-4349-86ec-7ff5f24b749a');



DROP TABLE IF EXISTS `craft_fieldlayouts`;


--
-- Schema for table `craft_fieldlayouts`
--
CREATE TABLE `craft_fieldlayouts` (
  `id` int(11) NOT NULL AUTO_INCREMENT,
  `type` varchar(150) COLLATE utf8_unicode_ci NOT NULL,
  `dateCreated` datetime NOT NULL,
  `dateUpdated` datetime NOT NULL,
  `uid` char(36) COLLATE utf8_unicode_ci NOT NULL DEFAULT '0',
  PRIMARY KEY (`id`),
  KEY `craft_fieldlayouts_type_idx` (`type`)
) ENGINE=InnoDB AUTO_INCREMENT=176 DEFAULT CHARSET=utf8 COLLATE=utf8_unicode_ci;

--
-- Data for table `craft_fieldlayouts`
--

INSERT INTO `craft_fieldlayouts` (`id`, `type`, `dateCreated`, `dateUpdated`, `uid`) VALUES
 ('1', 'Tag', '2017-06-12 15:44:24', '2017-06-12 15:44:24', '9ac533be-6a16-4263-b98e-bbc1b0c89f0a'),
 ('10', 'Asset', '2017-06-13 20:20:57', '2017-06-13 20:20:57', '2df516f4-5067-43be-88f1-9290dcd678e4'),
 ('26', 'GlobalSet', '2017-06-14 19:03:37', '2017-06-14 19:03:37', '00aec4e4-a2bb-4928-8e9f-eadfad3183ee'),
 ('27', 'Asset', '2017-06-14 19:56:25', '2017-06-14 19:56:25', '94d91dd5-4ac0-499f-a786-bcd806930b10'),
 ('29', 'GlobalSet', '2017-06-14 20:33:36', '2017-06-14 20:33:36', '7b1e30ff-7138-4363-bf75-5f806ca95011'),
 ('32', 'GlobalSet', '2017-06-26 15:01:58', '2017-06-26 15:01:58', 'e7f62be8-9e20-457b-a344-a051b1dfd339'),
 ('95', 'MatrixBlock', '2017-07-24 16:45:06', '2017-07-24 16:45:06', '121f748f-99d4-480a-96fe-7ac3858e9341'),
 ('101', 'Asset', '2017-07-24 17:01:04', '2017-07-24 17:01:04', '94bb8290-2306-44f1-a5b1-9874a04c8675'),
 ('103', 'Entry', '2017-07-26 17:38:34', '2017-07-26 17:38:34', 'bd1f7bee-a961-4726-8627-87eb487a555c'),
 ('104', 'Asset', '2017-07-26 17:54:21', '2017-07-26 17:54:21', 'ec527ef7-4a4e-4d9c-864c-d389c76a796c'),
 ('107', 'Entry', '2017-07-26 21:46:20', '2017-07-26 21:46:20', '422953e9-c3ca-4a56-953e-f01ec5c89c82'),
 ('144', 'MatrixBlock', '2017-07-27 16:57:58', '2017-07-27 16:57:58', '1f53c97f-1822-4ee3-9f04-e9b22b7d4d3b'),
 ('146', 'Entry', '2017-07-27 16:59:56', '2017-07-27 16:59:56', '1b156258-b56f-483a-8b19-1af73ac6efbf'),
 ('155', 'Entry', '2017-08-01 02:43:40', '2017-08-01 02:43:40', '0bc398c9-665f-4b56-8aa5-843073c25d6a'),
 ('156', 'Entry', '2017-08-01 02:43:57', '2017-08-01 02:43:57', '7ae8b3fa-bb3b-441c-801a-d61926cbd86d'),
 ('162', 'Entry', '2017-08-02 02:16:12', '2017-08-02 02:16:12', 'cd9b9ded-5f8f-48f1-ab4a-284a3b6bf5aa'),
 ('164', 'Asset', '2017-08-02 02:43:01', '2017-08-02 02:43:01', 'f732e6de-0643-4863-b2e1-9fe1d711b8b3'),
 ('165', 'GlobalSet', '2017-08-03 15:52:36', '2017-08-03 15:52:36', '122fffb4-e522-4433-a2a8-a636c1a7ee2c'),
 ('167', 'Asset', '2017-08-03 16:01:12', '2017-08-03 16:01:12', 'c99c73ee-cc84-4597-aa8b-6a5b94092603'),
 ('168', 'Entry', '2017-08-03 16:48:43', '2017-08-03 16:48:43', '77c2e967-4737-45c2-8af0-e6aa29fb5310'),
 ('169', 'MatrixBlock', '2017-08-04 15:47:05', '2017-08-04 15:47:05', '0b6f71a2-6463-4eea-8a58-94ff1b84022f'),
 ('170', 'MatrixBlock', '2017-08-04 15:47:06', '2017-08-04 15:47:06', 'b1a073c2-0ae4-473c-be12-d0f60d540149'),
 ('171', 'MatrixBlock', '2017-08-04 15:47:06', '2017-08-04 15:47:06', 'a3d6bbca-7479-4997-b3dd-62e2468d4f46'),
 ('172', 'MatrixBlock', '2017-08-04 15:47:06', '2017-08-04 15:47:06', '1c16a63c-e4fb-4de9-8395-586e24129c66'),
 ('173', 'MatrixBlock', '2017-08-04 15:47:06', '2017-08-04 15:47:06', '7c866837-45db-4ae4-bae3-e357ed24a95e'),
 ('174', 'MatrixBlock', '2017-08-04 15:47:06', '2017-08-04 15:47:06', '4fad574f-a8d9-4f60-8cdc-aff3cb97b989'),
 ('175', 'MatrixBlock', '2017-08-04 15:47:06', '2017-08-04 15:47:06', 'c80b825b-053a-4cc8-9996-4333f9eaf6e7');



DROP TABLE IF EXISTS `craft_fieldlayouttabs`;


--
-- Schema for table `craft_fieldlayouttabs`
--
CREATE TABLE `craft_fieldlayouttabs` (
  `id` int(11) NOT NULL AUTO_INCREMENT,
  `layoutId` int(11) NOT NULL,
  `name` varchar(255) COLLATE utf8_unicode_ci NOT NULL,
  `sortOrder` smallint(6) unsigned DEFAULT NULL,
  `dateCreated` datetime NOT NULL,
  `dateUpdated` datetime NOT NULL,
  `uid` char(36) COLLATE utf8_unicode_ci NOT NULL DEFAULT '0',
  PRIMARY KEY (`id`),
  KEY `craft_fieldlayouttabs_sortOrder_idx` (`sortOrder`),
  KEY `craft_fieldlayouttabs_layoutId_fk` (`layoutId`)
) ENGINE=InnoDB AUTO_INCREMENT=140 DEFAULT CHARSET=utf8 COLLATE=utf8_unicode_ci;

--
-- Data for table `craft_fieldlayouttabs`
--

INSERT INTO `craft_fieldlayouttabs` (`id`, `layoutId`, `name`, `sortOrder`, `dateCreated`, `dateUpdated`, `uid`) VALUES
 ('14', '26', 'Content', '1', '2017-06-14 19:03:37', '2017-06-14 19:03:37', 'afb25bf1-a8b8-4994-b8a2-ab379c498caa'),
 ('15', '29', 'Content', '1', '2017-06-14 20:33:36', '2017-06-14 20:33:36', '2af22179-257d-492b-ac44-e09645cd5922'),
 ('18', '32', 'Content', '1', '2017-06-26 15:01:58', '2017-06-26 15:01:58', '8582f624-9a37-469b-8273-9596f7987885'),
 ('74', '95', 'Content', '1', '2017-07-24 16:45:06', '2017-07-24 16:45:06', 'c4806734-9ea0-4ec7-8178-23aabab437a5'),
 ('75', '103', 'Content', '1', '2017-07-26 17:38:34', '2017-07-26 17:38:34', '89fa2681-79c2-4c4c-988a-a578c98c1494'),
 ('76', '103', 'Staff', '2', '2017-07-26 17:38:34', '2017-07-26 17:38:34', '898dbf5b-41d4-48c5-8ed0-0716ed6a98e3'),
 ('77', '104', 'Content', '1', '2017-07-26 17:54:21', '2017-07-26 17:54:21', 'e51e997a-2faf-4c50-acd2-5be60b3f9363'),
 ('79', '107', 'Content', '1', '2017-07-26 21:46:20', '2017-07-26 21:46:20', '1364ebd1-a42a-4c96-bfd4-e2a94d029bde'),
 ('113', '144', 'Content', '1', '2017-07-27 16:57:58', '2017-07-27 16:57:58', '82cbf0dd-87e4-4c7d-b88f-bae4692556ad'),
 ('115', '146', 'Content', '1', '2017-07-27 16:59:56', '2017-07-27 16:59:56', '06e4b557-cd4e-431a-a49c-35fc4957e960'),
 ('124', '155', 'Content', '1', '2017-08-01 02:43:40', '2017-08-01 02:43:40', '9d11c8ef-ee68-4606-bfd4-8d03810c838b'),
 ('125', '156', 'Content', '1', '2017-08-01 02:43:57', '2017-08-01 02:43:57', 'fdd85e16-1bdc-4569-be89-a0ae594da057'),
 ('130', '162', 'Sermon', '1', '2017-08-02 02:16:12', '2017-08-02 02:16:12', '70a0e48d-2e6c-49d9-915c-1e0a78ee0fd1'),
 ('131', '165', 'Content', '1', '2017-08-03 15:52:36', '2017-08-03 15:52:36', 'f1f36048-7d00-4fc1-9214-fab4f01c8c0d'),
 ('132', '168', 'Information', '1', '2017-08-03 16:48:43', '2017-08-03 16:48:43', '26577631-b75c-459f-94ec-34ad6b829dbe'),
 ('133', '169', 'Content', '1', '2017-08-04 15:47:05', '2017-08-04 15:47:05', '87e39c5e-1dd6-49dc-a0f3-bdc7063210d1'),
 ('134', '170', 'Content', '1', '2017-08-04 15:47:06', '2017-08-04 15:47:06', 'dcbc8fc3-cf82-4e5a-b4ae-fb23c572699c'),
 ('135', '171', 'Content', '1', '2017-08-04 15:47:06', '2017-08-04 15:47:06', 'bf3f14e6-adad-414f-955f-ef7a20f3818a'),
 ('136', '172', 'Content', '1', '2017-08-04 15:47:06', '2017-08-04 15:47:06', 'de0a407d-3a0a-4a75-abe5-d3190069c843'),
 ('137', '173', 'Content', '1', '2017-08-04 15:47:06', '2017-08-04 15:47:06', '15c61bbc-4cb0-419f-87ce-5138e704e1fa'),
 ('138', '174', 'Content', '1', '2017-08-04 15:47:06', '2017-08-04 15:47:06', 'e0a2e405-400b-44c0-a453-beeb47ffd766'),
 ('139', '175', 'Content', '1', '2017-08-04 15:47:06', '2017-08-04 15:47:06', 'facde2a5-9509-4bb2-898d-840c945820a9');



DROP TABLE IF EXISTS `craft_fields`;


--
-- Schema for table `craft_fields`
--
CREATE TABLE `craft_fields` (
  `id` int(11) NOT NULL AUTO_INCREMENT,
  `groupId` int(11) DEFAULT NULL,
  `name` varchar(255) COLLATE utf8_unicode_ci NOT NULL,
  `handle` varchar(58) COLLATE utf8_unicode_ci NOT NULL,
  `context` varchar(255) COLLATE utf8_unicode_ci NOT NULL DEFAULT 'global',
  `instructions` text COLLATE utf8_unicode_ci,
  `translatable` tinyint(1) unsigned NOT NULL DEFAULT '0',
  `type` varchar(150) COLLATE utf8_unicode_ci NOT NULL,
  `settings` text COLLATE utf8_unicode_ci,
  `dateCreated` datetime NOT NULL,
  `dateUpdated` datetime NOT NULL,
  `uid` char(36) COLLATE utf8_unicode_ci NOT NULL DEFAULT '0',
  PRIMARY KEY (`id`),
  UNIQUE KEY `craft_fields_handle_context_unq_idx` (`handle`,`context`),
  KEY `craft_fields_context_idx` (`context`),
  KEY `craft_fields_groupId_fk` (`groupId`)
) ENGINE=InnoDB AUTO_INCREMENT=58 DEFAULT CHARSET=utf8 COLLATE=utf8_unicode_ci;

--
-- Data for table `craft_fields`
--

INSERT INTO `craft_fields` (`id`, `groupId`, `name`, `handle`, `context`, `instructions`, `translatable`, `type`, `settings`, `dateCreated`, `dateUpdated`, `uid`) VALUES
 ('1', '1', 'Body', 'body', 'global', NULL, '1', 'RichText', '{\"configFile\":\"Standard.json\",\"columnType\":\"text\"}', '2017-06-12 15:44:24', '2017-06-12 15:44:24', 'cf89d55e-06d6-43bf-9ce1-9ccae3f492f3'),
 ('2', '1', 'Tags', 'tags', 'global', NULL, '0', 'Tags', '{\"source\":\"taggroup:1\"}', '2017-06-12 15:44:24', '2017-06-12 15:44:24', 'd8f7ccdd-49bc-457f-8d03-d5a0936652c6'),
 ('3', '1', 'Logo', 'logo', 'global', '', '0', 'Assets', '{\"useSingleFolder\":\"\",\"sources\":[\"folder:1\"],\"defaultUploadLocationSource\":\"1\",\"defaultUploadLocationSubpath\":\"images\\/\",\"singleUploadLocationSource\":\"1\",\"singleUploadLocationSubpath\":\"\",\"restrictFiles\":\"\",\"limit\":\"1\",\"viewMode\":\"list\",\"selectionLabel\":\"Logo\"}', '2017-06-13 20:22:08', '2017-06-13 20:22:08', '55675d07-2dae-497c-92bf-6820d9fa4475'),
 ('4', '2', 'Homepage Slider', 'homepageSlider', 'global', 'Upload images for the slider on the homepage.', '0', 'Matrix', '{\"maxBlocks\":\"5\"}', '2017-06-14 15:26:58', '2017-07-27 16:57:58', '9abf7fb2-859c-4bbb-802d-a4065ec17a36'),
 ('6', NULL, 'Text', 'slideText', 'matrixBlockType:1', 'Include any text to show on this slide (max. 120 characters)', '0', 'PlainText', '{\"placeholder\":\"\",\"maxLength\":\"120\",\"multiline\":\"1\",\"initialRows\":\"1\"}', '2017-06-14 15:26:58', '2017-07-27 16:57:58', 'ecfb4676-549b-4c92-a4cf-382d60d3f0cd'),
 ('9', '3', 'Times', 'serviceTimesField', 'global', 'Adjust times as needed.', '0', 'RichText', '{\"configFile\":\"\",\"availableAssetSources\":\"*\",\"availableTransforms\":\"*\",\"cleanupHtml\":\"\",\"purifyHtml\":\"\",\"purifierConfig\":\"\",\"columnType\":\"text\"}', '2017-06-14 19:03:22', '2017-06-14 19:12:52', '301be3a2-216e-4b2b-85aa-c1922feed1d0'),
 ('10', '3', 'Location', 'location', 'global', 'Full address.', '0', 'RichText', '{\"configFile\":\"Standard.json\",\"availableAssetSources\":\"\",\"availableTransforms\":\"\",\"cleanupHtml\":\"\",\"purifyHtml\":\"\",\"purifierConfig\":\"\",\"columnType\":\"text\"}', '2017-06-14 20:30:08', '2017-06-14 20:32:36', 'aac4c436-5c4d-4e8f-9156-1c99f9960cd1'),
 ('11', '3', 'Phone Number', 'phoneNumber', 'global', 'Best phone number to contact you.', '0', 'PlainText', '{\"placeholder\":\"123.456.7890\",\"maxLength\":\"12\",\"multiline\":\"\",\"initialRows\":\"4\"}', '2017-06-14 20:31:27', '2017-06-14 20:31:27', '0b7171f3-3218-4869-91da-5cb23ec3fe8a'),
 ('12', '3', 'Office Hours', 'officeHours', 'global', 'Hours of operation.', '0', 'RichText', '{\"configFile\":\"Standard.json\",\"availableAssetSources\":\"\",\"availableTransforms\":\"\",\"cleanupHtml\":\"\",\"purifyHtml\":\"\",\"purifierConfig\":\"\",\"columnType\":\"text\"}', '2017-06-14 20:32:17', '2017-06-14 20:32:17', '680723d8-0a6a-480f-ad6d-fa4bbf3adea0'),
 ('13', '2', 'Page Elements', 'insidePageElements', 'global', 'Add content to your page.', '0', 'Matrix', '{\"maxBlocks\":null}', '2017-07-06 20:36:14', '2017-08-04 15:47:05', '0da22bc0-6bbc-454b-a1cc-36bdcaf2d7bf'),
 ('15', '2', 'Cover Image', 'coverImage', 'global', 'Background image for page header.', '0', 'Assets', '{\"useSingleFolder\":\"1\",\"sources\":\"*\",\"defaultUploadLocationSource\":\"2\",\"defaultUploadLocationSubpath\":\"\",\"singleUploadLocationSource\":\"3\",\"singleUploadLocationSubpath\":\"\",\"restrictFiles\":\"1\",\"allowedKinds\":[\"image\"],\"limit\":\"1\",\"viewMode\":\"list\",\"selectionLabel\":\"Upload Cover Image\"}', '2017-07-07 19:30:10', '2017-07-07 19:30:10', '2079a5c9-a300-4b7b-b42c-a37177a938c4'),
 ('16', NULL, 'Title', 'bodyHeader', 'matrixBlockType:2', '', '0', 'PlainText', '{\"placeholder\":\"\",\"maxLength\":\"\",\"multiline\":\"\",\"initialRows\":\"4\"}', '2017-07-11 20:49:58', '2017-08-04 15:47:05', '6a96bb86-560f-4e08-abd3-c57e9cfd17fa'),
 ('17', NULL, 'Paragraph', 'textField', 'matrixBlockType:3', 'Add text to the body of this page.', '0', 'RichText', '{\"configFile\":\"\",\"availableAssetSources\":\"*\",\"availableTransforms\":\"*\",\"cleanupHtml\":\"1\",\"purifyHtml\":\"1\",\"purifierConfig\":\"\",\"columnType\":\"text\"}', '2017-07-21 18:53:02', '2017-08-04 15:47:06', 'dadd98cd-3b44-4690-86b0-4dabc15492df'),
 ('18', NULL, 'Image', 'imageBlock', 'matrixBlockType:4', '', '0', 'Assets', '{\"useSingleFolder\":\"\",\"sources\":[\"folder:4\",\"folder:5\"],\"defaultUploadLocationSource\":\"5\",\"defaultUploadLocationSubpath\":\"\",\"singleUploadLocationSource\":\"2\",\"singleUploadLocationSubpath\":\"\",\"restrictFiles\":\"1\",\"allowedKinds\":[\"image\"],\"limit\":\"1\",\"viewMode\":\"list\",\"selectionLabel\":\"Upload Image\"}', '2017-07-21 18:53:02', '2017-08-04 15:47:06', '1cb17299-f5bb-4a28-8715-c4618a8c8ec4'),
 ('20', NULL, 'Video', 'bodyVideoBlock', 'matrixBlockType:5', '', '0', 'Assets', '{\"useSingleFolder\":\"\",\"sources\":\"*\",\"defaultUploadLocationSource\":\"2\",\"defaultUploadLocationSubpath\":\"\",\"singleUploadLocationSource\":\"2\",\"singleUploadLocationSubpath\":\"\",\"restrictFiles\":\"1\",\"allowedKinds\":[\"html\",\"javascript\",\"video\"],\"limit\":\"\",\"viewMode\":\"list\",\"selectionLabel\":\"\"}', '2017-07-21 18:53:02', '2017-08-04 15:47:06', 'a24e5963-521d-4181-8046-17224cbfa1b9'),
 ('21', NULL, 'Position', 'bodyVideoPosition', 'matrixBlockType:5', '', '0', 'PositionSelect', '{\"options\":[\"left\",\"center\",\"right\",\"full\"]}', '2017-07-21 18:53:02', '2017-08-04 15:47:06', '3b16802c-96e7-4289-867e-ebfa07a96cad'),
 ('22', NULL, 'Select Form Type', 'selectFormType', 'matrixBlockType:6', '', '0', 'Dropdown', '{\"options\":[{\"label\":\"Contact Us\",\"value\":\"contactUs\",\"default\":\"1\"},{\"label\":\"Prayer Request\",\"value\":\"prayerRequest\",\"default\":\"\"}]}', '2017-07-21 18:53:02', '2017-08-04 15:47:06', 'f8119465-0b86-4ec1-ae7b-33283ea9e801'),
 ('23', NULL, 'Where would you like this form to be sent to?', 'mailTo', 'matrixBlockType:6', 'Insert an email address of where you would like to receive submissions.', '0', 'PlainText', '{\"placeholder\":\"Email Address\",\"maxLength\":\"\",\"multiline\":\"\",\"initialRows\":\"4\"}', '2017-07-21 18:53:02', '2017-08-04 15:47:06', 'a078d4cf-feba-42fd-892a-fce9b506b43f'),
 ('29', '2', 'Staff Directory', 'staffDirectory', 'global', '', '0', 'Matrix', '{\"maxBlocks\":null}', '2017-07-24 15:39:49', '2017-07-24 16:45:06', 'a1b7dc33-3ce5-4c26-9ac6-b02a3e5ac4c1'),
 ('30', NULL, 'Profile', 'profile', 'matrixBlockType:8', '', '0', 'Assets', '{\"useSingleFolder\":\"1\",\"sources\":\"*\",\"defaultUploadLocationSource\":\"2\",\"defaultUploadLocationSubpath\":\"\",\"singleUploadLocationSource\":\"4\",\"singleUploadLocationSubpath\":\"\",\"restrictFiles\":\"1\",\"allowedKinds\":[\"image\"],\"limit\":\"1\",\"viewMode\":\"list\",\"selectionLabel\":\"Upload Profile Image\"}', '2017-07-24 15:39:49', '2017-07-24 16:45:06', '4ddc4476-0712-47e5-acc3-7e59cc0d18d5'),
 ('31', NULL, 'Full Name', 'fullName', 'matrixBlockType:8', '', '0', 'PlainText', '{\"placeholder\":\"Joe Smith\",\"maxLength\":\"\",\"multiline\":\"\",\"initialRows\":\"4\"}', '2017-07-24 15:39:49', '2017-07-24 16:45:06', 'cb02599d-7b41-4963-b4fe-bbfbb89440d1'),
 ('32', NULL, 'Bio', 'bio', 'matrixBlockType:8', '', '0', 'RichText', '{\"configFile\":\"Simple.json\",\"availableAssetSources\":\"*\",\"availableTransforms\":\"*\",\"cleanupHtml\":\"1\",\"purifyHtml\":\"1\",\"purifierConfig\":\"\",\"columnType\":\"text\"}', '2017-07-24 15:39:49', '2017-07-24 16:45:06', '2233107b-a503-4f2b-986d-c3ae2b056f9d'),
 ('33', NULL, 'Email Address', 'emailAddress', 'matrixBlockType:8', '', '0', 'PlainText', '{\"placeholder\":\"email@sulphurspringsumc.com\",\"maxLength\":\"\",\"multiline\":\"\",\"initialRows\":\"4\"}', '2017-07-24 15:39:49', '2017-07-24 16:45:06', 'f3f95e72-750f-47c6-be8b-71855c9485a4'),
 ('34', NULL, 'Job Title', 'jobTitle', 'matrixBlockType:8', '', '0', 'PlainText', '{\"placeholder\":\"\",\"maxLength\":\"\",\"multiline\":\"\",\"initialRows\":\"4\"}', '2017-07-24 16:43:51', '2017-07-24 16:45:06', '999706b6-7e88-4ec9-9e9a-2889fa9ec677'),
 ('35', '2', 'Redirect URL', 'redirectUrl', 'global', 'URL to redirect to from this page.', '0', 'PlainText', '{\"placeholder\":\"http:\\/\\/www.example.com\",\"maxLength\":\"\",\"multiline\":\"\",\"initialRows\":\"4\"}', '2017-07-26 17:38:10', '2017-07-26 17:38:10', 'af1f4562-6b10-40a2-96c1-03642d885715'),
 ('36', '2', 'Homepage Background Image', 'homepageBackground', 'global', '', '0', 'Assets', '{\"useSingleFolder\":\"1\",\"sources\":\"*\",\"defaultUploadLocationSource\":\"2\",\"defaultUploadLocationSubpath\":\"\",\"singleUploadLocationSource\":\"2\",\"singleUploadLocationSubpath\":\"\",\"restrictFiles\":\"1\",\"allowedKinds\":[\"image\",\"video\"],\"limit\":\"1\",\"viewMode\":\"list\",\"selectionLabel\":\"Upload Image\\/Video\"}', '2017-07-26 21:45:58', '2017-07-26 21:45:58', '917cf9d4-0bf6-4e6a-90e8-86b7bb72e751'),
 ('37', NULL, 'Audio', 'audioBlock', 'matrixBlockType:9', '', '0', 'Assets', '{\"useSingleFolder\":\"1\",\"sources\":\"*\",\"defaultUploadLocationSource\":\"2\",\"defaultUploadLocationSubpath\":\"\",\"singleUploadLocationSource\":\"5\",\"singleUploadLocationSubpath\":\"\",\"restrictFiles\":\"1\",\"allowedKinds\":[\"audio\"],\"limit\":\"1\",\"viewMode\":\"list\",\"selectionLabel\":\"Upload Audio\"}', '2017-07-27 02:56:54', '2017-08-04 15:47:06', '1e97781f-8ac5-45e1-9723-0ccf8ef738c4'),
 ('45', '4', 'Event Title', 'eventTitle', 'global', '', '0', 'PlainText', '{\"placeholder\":\"\",\"maxLength\":\"\",\"multiline\":\"\",\"initialRows\":\"4\"}', '2017-08-01 02:28:17', '2017-08-01 02:28:17', '89af39bb-47b7-4238-b4da-6b9789837347'),
 ('46', '4', 'Start Date', 'startDate', 'global', '', '0', 'Date', '{\"minuteIncrement\":\"30\",\"showDate\":1,\"showTime\":0}', '2017-08-01 02:28:50', '2017-08-01 02:28:50', '4b9cb37a-c891-4ba5-ab83-9a2380870632'),
 ('47', '4', 'End Date', 'endDate', 'global', '', '0', 'Date', '{\"minuteIncrement\":\"30\",\"showDate\":1,\"showTime\":0}', '2017-08-01 02:29:03', '2017-08-01 02:29:03', '520b4668-d078-4d29-8b2a-e858c46709b2'),
 ('48', '4', 'Start Time', 'startTime', 'global', '', '0', 'Date', '{\"minuteIncrement\":\"30\",\"showTime\":1,\"showDate\":0}', '2017-08-01 02:29:19', '2017-08-01 02:29:19', '87e8106c-f787-4870-849b-0ad4432e5cf6'),
 ('49', '4', 'End Time', 'endTime', 'global', '', '0', 'Date', '{\"minuteIncrement\":\"30\",\"showTime\":1,\"showDate\":0}', '2017-08-01 02:29:33', '2017-08-01 02:29:33', 'a9ab309e-3255-4e08-b33f-1dc07772381c'),
 ('50', '4', 'Event Description', 'eventDescription', 'global', '', '0', 'PlainText', '{\"placeholder\":\"\",\"maxLength\":\"\",\"multiline\":\"1\",\"initialRows\":\"4\"}', '2017-08-01 02:30:16', '2017-08-01 02:30:28', '31249674-e74f-46d7-addb-74342d20bd3a'),
 ('51', '5', 'Sermon Title', 'sermonTitle', 'global', '', '0', 'PlainText', '{\"placeholder\":\"\",\"maxLength\":\"\",\"multiline\":\"\",\"initialRows\":\"4\"}', '2017-08-02 02:04:26', '2017-08-02 02:04:26', '4cc54e99-68b2-41ac-9701-6628792361e1'),
 ('52', '5', 'Sermon Date', 'sermonDate', 'global', '', '0', 'Date', '{\"minuteIncrement\":\"30\",\"showDate\":1,\"showTime\":0}', '2017-08-02 02:04:48', '2017-08-02 02:04:48', '800d2baa-d8dc-419b-9637-ad0c6c9b1005'),
 ('53', '5', 'Sermon Audio', 'sermonAudio', 'global', '', '0', 'Assets', '{\"useSingleFolder\":\"1\",\"sources\":[\"folder:6\"],\"defaultUploadLocationSource\":\"2\",\"defaultUploadLocationSubpath\":\"\",\"singleUploadLocationSource\":\"6\",\"singleUploadLocationSubpath\":\"\",\"restrictFiles\":\"1\",\"allowedKinds\":[\"audio\"],\"limit\":\"1\",\"viewMode\":\"list\",\"selectionLabel\":\"Upload Audio (.mp3)\"}', '2017-08-02 02:05:42', '2017-08-02 02:39:28', '1702e63f-84f2-497b-bb3a-bc3e2ea9fa2c'),
 ('54', '5', 'sermonDescription', 'sermondescription', 'global', '', '0', 'PlainText', '{\"placeholder\":\"\",\"maxLength\":\"\",\"multiline\":\"\",\"initialRows\":\"4\"}', '2017-08-02 02:06:18', '2017-08-02 02:06:18', '6dcbd8db-869d-4ba2-84e0-b2c1b5644108'),
 ('55', '4', 'Event PDF', 'eventPdf', 'global', 'Attach a PDF file of the current month\'s calendar of events.', '0', 'Assets', '{\"useSingleFolder\":\"1\",\"sources\":\"*\",\"defaultUploadLocationSource\":\"2\",\"defaultUploadLocationSubpath\":\"\",\"singleUploadLocationSource\":\"5\",\"singleUploadLocationSubpath\":\"\",\"restrictFiles\":\"1\",\"allowedKinds\":[\"pdf\"],\"limit\":\"1\",\"viewMode\":\"list\",\"selectionLabel\":\"Upload PDF\"}', '2017-08-03 15:41:05', '2017-08-03 15:58:55', '47a18b6c-04e6-4f63-b730-5d3fa220ac24'),
 ('56', '4', 'Event Graphic', 'eventGraphic', 'global', '', '0', 'Assets', '{\"useSingleFolder\":\"1\",\"sources\":\"*\",\"defaultUploadLocationSource\":\"2\",\"defaultUploadLocationSubpath\":\"\",\"singleUploadLocationSource\":\"5\",\"singleUploadLocationSubpath\":\"\",\"restrictFiles\":\"1\",\"allowedKinds\":[\"image\"],\"limit\":\"1\",\"viewMode\":\"list\",\"selectionLabel\":\"Upload Image\"}', '2017-08-03 16:48:11', '2017-08-03 16:48:11', 'a78aaa29-d9b1-4033-b04d-7e0c49e8069a'),
 ('57', NULL, 'Enable Map?', 'mapButton', 'matrixBlockType:10', '', '0', 'Lightswitch', '{\"default\":\"\"}', '2017-08-04 15:47:06', '2017-08-04 15:47:06', '46e8cd98-d9e2-43f0-93a4-09ddc2e4dcca');



DROP TABLE IF EXISTS `craft_globalsets`;


--
-- Schema for table `craft_globalsets`
--
CREATE TABLE `craft_globalsets` (
  `id` int(11) NOT NULL,
  `name` varchar(255) COLLATE utf8_unicode_ci NOT NULL,
  `handle` varchar(255) COLLATE utf8_unicode_ci NOT NULL,
  `fieldLayoutId` int(10) DEFAULT NULL,
  `dateCreated` datetime NOT NULL,
  `dateUpdated` datetime NOT NULL,
  `uid` char(36) COLLATE utf8_unicode_ci NOT NULL DEFAULT '0',
  PRIMARY KEY (`id`),
  UNIQUE KEY `craft_globalsets_name_unq_idx` (`name`),
  UNIQUE KEY `craft_globalsets_handle_unq_idx` (`handle`),
  KEY `craft_globalsets_fieldLayoutId_fk` (`fieldLayoutId`)
) ENGINE=InnoDB DEFAULT CHARSET=utf8 COLLATE=utf8_unicode_ci;

--
-- Data for table `craft_globalsets`
--

INSERT INTO `craft_globalsets` (`id`, `name`, `handle`, `fieldLayoutId`, `dateCreated`, `dateUpdated`, `uid`) VALUES
 ('23', 'Service Times', 'serviceTimes', '26', '2017-06-14 19:02:04', '2017-06-14 19:03:37', '0dc71fc4-70e4-4e2f-a211-b6143bcca36f'),
 ('26', 'Contact', 'footerContact', '29', '2017-06-14 20:29:04', '2017-06-14 20:33:36', '98ec6ba3-a7e3-4e4e-af38-41f58d393c5f'),
 ('27', 'Office Hours', 'footerOfficeHours', '32', '2017-06-14 20:34:01', '2017-06-26 15:01:58', 'ccc2512e-6c5b-4a95-9e25-fede4459ed5c'),
 ('148', 'Current Calendar PDF', 'currentCalendarPdf', '165', '2017-08-03 15:52:36', '2017-08-03 15:52:36', 'bfdee178-dfd1-4dd3-86c8-a4b815b12bda');



DROP TABLE IF EXISTS `craft_info`;


--
-- Schema for table `craft_info`
--
CREATE TABLE `craft_info` (
  `id` int(11) NOT NULL AUTO_INCREMENT,
  `version` varchar(50) COLLATE utf8_unicode_ci NOT NULL,
  `schemaVersion` varchar(15) COLLATE utf8_unicode_ci NOT NULL,
  `edition` tinyint(1) unsigned NOT NULL DEFAULT '0',
  `siteName` varchar(100) COLLATE utf8_unicode_ci NOT NULL,
  `siteUrl` varchar(255) COLLATE utf8_unicode_ci NOT NULL,
  `timezone` varchar(30) COLLATE utf8_unicode_ci DEFAULT NULL,
  `on` tinyint(1) unsigned NOT NULL DEFAULT '0',
  `maintenance` tinyint(1) unsigned NOT NULL DEFAULT '0',
  `dateCreated` datetime NOT NULL,
  `dateUpdated` datetime NOT NULL,
  `uid` char(36) COLLATE utf8_unicode_ci NOT NULL DEFAULT '0',
  PRIMARY KEY (`id`)
) ENGINE=InnoDB AUTO_INCREMENT=2 DEFAULT CHARSET=utf8 COLLATE=utf8_unicode_ci;

--
-- Data for table `craft_info`
--

INSERT INTO `craft_info` (`id`, `version`, `schemaVersion`, `edition`, `siteName`, `siteUrl`, `timezone`, `on`, `maintenance`, `dateCreated`, `dateUpdated`, `uid`) VALUES
 ('1', '2.6.2983', '2.6.9', '0', 'Sulphur Springs United Methodist Church', 'http://sulphurspringsumc.dev:8888', 'UTC', '1', '1', '2017-06-12 15:44:15', '2017-08-05 03:03:54', '9ec03b41-1dcb-404c-986d-871d7c270d53');



DROP TABLE IF EXISTS `craft_locales`;


--
-- Schema for table `craft_locales`
--
CREATE TABLE `craft_locales` (
  `locale` char(12) COLLATE utf8_unicode_ci NOT NULL,
  `sortOrder` smallint(6) unsigned DEFAULT NULL,
  `dateCreated` datetime NOT NULL,
  `dateUpdated` datetime NOT NULL,
  `uid` char(36) COLLATE utf8_unicode_ci NOT NULL DEFAULT '0',
  PRIMARY KEY (`locale`),
  KEY `craft_locales_sortOrder_idx` (`sortOrder`)
) ENGINE=InnoDB DEFAULT CHARSET=utf8 COLLATE=utf8_unicode_ci;

--
-- Data for table `craft_locales`
--

INSERT INTO `craft_locales` (`locale`, `sortOrder`, `dateCreated`, `dateUpdated`, `uid`) VALUES
 ('en_us', '1', '2017-06-12 15:44:16', '2017-06-12 15:44:16', '2e61668d-6bff-44a1-adf8-51cdf36ef4da');



DROP TABLE IF EXISTS `craft_matrixblocks`;


--
-- Schema for table `craft_matrixblocks`
--
CREATE TABLE `craft_matrixblocks` (
  `id` int(11) NOT NULL,
  `ownerId` int(11) NOT NULL,
  `fieldId` int(11) NOT NULL,
  `typeId` int(11) DEFAULT NULL,
  `sortOrder` smallint(6) unsigned DEFAULT NULL,
  `ownerLocale` char(12) COLLATE utf8_unicode_ci DEFAULT NULL,
  `dateCreated` datetime NOT NULL,
  `dateUpdated` datetime NOT NULL,
  `uid` char(36) COLLATE utf8_unicode_ci NOT NULL DEFAULT '0',
  PRIMARY KEY (`id`),
  KEY `craft_matrixblocks_ownerId_idx` (`ownerId`),
  KEY `craft_matrixblocks_fieldId_idx` (`fieldId`),
  KEY `craft_matrixblocks_typeId_idx` (`typeId`),
  KEY `craft_matrixblocks_sortOrder_idx` (`sortOrder`),
  KEY `craft_matrixblocks_ownerLocale_fk` (`ownerLocale`)
) ENGINE=InnoDB DEFAULT CHARSET=utf8 COLLATE=utf8_unicode_ci;

--
-- Data for table `craft_matrixblocks`
--

INSERT INTO `craft_matrixblocks` (`id`, `ownerId`, `fieldId`, `typeId`, `sortOrder`, `ownerLocale`, `dateCreated`, `dateUpdated`, `uid`) VALUES
 ('11', '2', '4', '1', '1', NULL, '2017-06-14 15:49:06', '2017-07-27 16:54:42', '7abc2e6d-ef8c-4f9a-b669-e50c5d625efd'),
 ('47', '19', '13', '3', '1', NULL, '2017-07-21 19:33:02', '2017-07-27 17:07:34', '1c4e5f85-3277-438d-b22d-2878bc9cfc43'),
 ('59', '36', '13', '3', '1', NULL, '2017-07-24 16:42:35', '2017-07-24 20:42:18', '4f850856-8d3b-4e8e-91a6-85a99f3cbc76'),
 ('68', '36', '29', '8', '1', NULL, '2017-07-24 20:35:27', '2017-07-24 20:42:18', '3c2e260d-113c-4ebb-81f4-1196cc2c3f3f'),
 ('77', '36', '29', '8', '2', NULL, '2017-07-24 20:42:18', '2017-07-24 20:42:18', '13c75805-5f33-4413-b7a0-402936336b1c'),
 ('78', '36', '29', '8', '3', NULL, '2017-07-24 20:42:18', '2017-07-24 20:42:18', 'fe69ab07-8f86-4f56-8dc5-41beebd6a741'),
 ('79', '36', '29', '8', '4', NULL, '2017-07-24 20:42:18', '2017-07-24 20:42:18', 'a0b37e5c-d3cb-4d9c-954b-4163d48b3b4c'),
 ('80', '36', '29', '8', '5', NULL, '2017-07-24 20:42:18', '2017-07-24 20:42:18', 'af2dc5b9-dbd2-4e24-9d74-114b47f492cb'),
 ('81', '36', '29', '8', '6', NULL, '2017-07-24 20:42:18', '2017-07-24 20:42:18', 'd2dec651-b5c0-4879-880a-1753e166bcee'),
 ('83', '41', '13', '3', '1', NULL, '2017-07-26 16:18:25', '2017-07-26 17:39:09', '3e434ef3-b963-41e6-a79d-c1da7a1b3f65'),
 ('113', '2', '4', '1', '2', NULL, '2017-07-26 21:47:29', '2017-07-27 16:54:42', '3fe22708-78dd-424e-9f63-db2145798445'),
 ('121', '35', '13', '3', '1', NULL, '2017-07-27 14:10:37', '2017-07-27 15:00:56', '3ad8420e-268a-4dec-9167-ecf10ba0eeb3'),
 ('122', '35', '13', '6', '2', NULL, '2017-07-27 14:32:48', '2017-07-27 15:00:56', '46b1e4ec-f46a-4368-aeac-234e9590b203'),
 ('123', '37', '13', '6', '2', NULL, '2017-07-27 15:03:29', '2017-08-04 16:26:09', '5238af99-930b-481e-b205-6d02b0aa97cf'),
 ('124', '31', '13', '3', '1', NULL, '2017-07-27 17:14:40', '2017-07-27 21:09:49', 'f7c9db84-0094-48d5-8c06-5653930420ca'),
 ('139', '28', '13', '3', '1', NULL, '2017-07-28 17:56:55', '2017-07-28 17:56:55', '262437f9-c19e-416f-a868-e9ec28e7b5b9'),
 ('141', '116', '13', '3', '1', NULL, '2017-08-01 02:42:38', '2017-08-01 02:42:38', '6ce80259-7c53-4a14-a06d-f59bd5ebe998'),
 ('151', '37', '13', '10', '1', NULL, '2017-08-04 15:49:20', '2017-08-04 16:26:09', '2d7ddd09-f7ca-4644-8cf4-195ad8008fa3');



DROP TABLE IF EXISTS `craft_matrixblocktypes`;


--
-- Schema for table `craft_matrixblocktypes`
--
CREATE TABLE `craft_matrixblocktypes` (
  `id` int(11) NOT NULL AUTO_INCREMENT,
  `fieldId` int(11) NOT NULL,
  `fieldLayoutId` int(11) DEFAULT NULL,
  `name` varchar(255) COLLATE utf8_unicode_ci NOT NULL,
  `handle` varchar(255) COLLATE utf8_unicode_ci NOT NULL,
  `sortOrder` smallint(6) unsigned DEFAULT NULL,
  `dateCreated` datetime NOT NULL,
  `dateUpdated` datetime NOT NULL,
  `uid` char(36) COLLATE utf8_unicode_ci NOT NULL DEFAULT '0',
  PRIMARY KEY (`id`),
  UNIQUE KEY `craft_matrixblocktypes_name_fieldId_unq_idx` (`name`,`fieldId`),
  UNIQUE KEY `craft_matrixblocktypes_handle_fieldId_unq_idx` (`handle`,`fieldId`),
  KEY `craft_matrixblocktypes_fieldId_fk` (`fieldId`),
  KEY `craft_matrixblocktypes_fieldLayoutId_fk` (`fieldLayoutId`)
) ENGINE=InnoDB AUTO_INCREMENT=11 DEFAULT CHARSET=utf8 COLLATE=utf8_unicode_ci;

--
-- Data for table `craft_matrixblocktypes`
--

INSERT INTO `craft_matrixblocktypes` (`id`, `fieldId`, `fieldLayoutId`, `name`, `handle`, `sortOrder`, `dateCreated`, `dateUpdated`, `uid`) VALUES
 ('1', '4', '144', 'Slide', 'addSlide', '1', '2017-06-14 15:26:58', '2017-07-27 16:57:58', '9eebbfd8-cf04-42fb-bde7-34c106f3641d'),
 ('2', '13', '169', 'Header', 'header', '1', '2017-07-06 20:36:14', '2017-08-04 15:47:05', 'f4357bcc-4184-48b3-b2a8-f765d59eb459'),
 ('3', '13', '170', 'Text', 'text', '2', '2017-07-21 18:53:02', '2017-08-04 15:47:06', '1b879be0-866d-49d0-8a36-d1638ec363e8'),
 ('4', '13', '171', 'Image', 'image', '3', '2017-07-21 18:53:02', '2017-08-04 15:47:06', 'f865df83-e5fa-41d2-97f7-add7706ef95d'),
 ('5', '13', '172', 'Video', 'video', '4', '2017-07-21 18:53:02', '2017-08-04 15:47:06', 'b54bccac-55b4-444a-bfee-a59adf2696bf'),
 ('6', '13', '173', 'Form', 'form', '5', '2017-07-21 18:53:02', '2017-08-04 15:47:06', '60713948-9847-4413-b43d-5348f4ebf04c'),
 ('8', '29', '95', 'Staff Member', 'staffMember', '1', '2017-07-24 15:39:49', '2017-07-24 16:45:06', 'c186baac-7f2e-4c5e-9fa2-475b3affc8a7'),
 ('9', '13', '174', 'Audio', 'audio', '6', '2017-07-27 02:56:54', '2017-08-04 15:47:06', '815885c1-7bb1-41e1-9ce7-ecfbf33bd058'),
 ('10', '13', '175', 'map', 'map', '7', '2017-08-04 15:47:06', '2017-08-04 15:47:06', 'e147609d-e559-4927-a400-9524c3334a5b');



DROP TABLE IF EXISTS `craft_matrixcontent_homepageslider`;


--
-- Schema for table `craft_matrixcontent_homepageslider`
--
CREATE TABLE `craft_matrixcontent_homepageslider` (
  `id` int(11) NOT NULL AUTO_INCREMENT,
  `elementId` int(11) NOT NULL,
  `locale` char(12) COLLATE utf8_unicode_ci NOT NULL,
  `field_addSlide_slideText` varchar(120) COLLATE utf8_unicode_ci DEFAULT NULL,
  `dateCreated` datetime NOT NULL,
  `dateUpdated` datetime NOT NULL,
  `uid` char(36) COLLATE utf8_unicode_ci NOT NULL DEFAULT '0',
  PRIMARY KEY (`id`),
  UNIQUE KEY `craft_matrixcontent_homepageslider_elementId_locale_unq_idx` (`elementId`,`locale`),
  KEY `craft_matrixcontent_homepageslider_locale_fk` (`locale`)
) ENGINE=InnoDB AUTO_INCREMENT=3 DEFAULT CHARSET=utf8 COLLATE=utf8_unicode_ci;

--
-- Data for table `craft_matrixcontent_homepageslider`
--

INSERT INTO `craft_matrixcontent_homepageslider` (`id`, `elementId`, `locale`, `field_addSlide_slideText`, `dateCreated`, `dateUpdated`, `uid`) VALUES
 ('1', '11', 'en_us', 'Serving Others', '2017-06-14 15:49:06', '2017-07-27 16:54:42', '9121bfd2-79fe-4661-8761-8e0e068208f5'),
 ('2', '113', 'en_us', 'Loving One Another', '2017-07-26 21:47:29', '2017-07-27 16:54:42', '851e49ff-2ce8-47cb-8fee-4dc46fe9cfad');



DROP TABLE IF EXISTS `craft_matrixcontent_insidepageelements`;


--
-- Schema for table `craft_matrixcontent_insidepageelements`
--
CREATE TABLE `craft_matrixcontent_insidepageelements` (
  `id` int(11) NOT NULL AUTO_INCREMENT,
  `elementId` int(11) NOT NULL,
  `locale` char(12) COLLATE utf8_unicode_ci NOT NULL,
  `field_header_bodyHeader` text COLLATE utf8_unicode_ci,
  `field_text_textField` text COLLATE utf8_unicode_ci,
  `field_video_bodyVideoPosition` varchar(255) COLLATE utf8_unicode_ci DEFAULT NULL,
  `field_form_selectFormType` varchar(255) COLLATE utf8_unicode_ci DEFAULT 'contactUs',
  `field_form_mailTo` text COLLATE utf8_unicode_ci,
  `field_map_mapButton` tinyint(1) unsigned NOT NULL DEFAULT '0',
  `dateCreated` datetime NOT NULL,
  `dateUpdated` datetime NOT NULL,
  `uid` char(36) COLLATE utf8_unicode_ci NOT NULL DEFAULT '0',
  PRIMARY KEY (`id`),
  UNIQUE KEY `craft_matrixcontent_insidepageelements_elementId_locale_unq_idx` (`elementId`,`locale`),
  KEY `craft_matrixcontent_insidepageelements_locale_fk` (`locale`)
) ENGINE=InnoDB AUTO_INCREMENT=18 DEFAULT CHARSET=utf8 COLLATE=utf8_unicode_ci;

--
-- Data for table `craft_matrixcontent_insidepageelements`
--

INSERT INTO `craft_matrixcontent_insidepageelements` (`id`, `elementId`, `locale`, `field_header_bodyHeader`, `field_text_textField`, `field_video_bodyVideoPosition`, `field_form_selectFormType`, `field_form_mailTo`, `field_map_mapButton`, `dateCreated`, `dateUpdated`, `uid`) VALUES
 ('3', '47', 'en_us', NULL, '<p>We are a congregation of over four hundred members in the beautiful Sulphur Springs community of Washington County, Tennessee. We are a congregation with a unique history and an exciting future. We are United Methodists, but most importantly, we are disciples of Jesus Christ. We are people just like you.</p>', NULL, NULL, NULL, '0', '2017-07-21 19:33:02', '2017-07-27 17:07:34', '8a947a25-50b7-4cf9-8ff8-da0a11cc324b'),
 ('5', '59', 'en_us', NULL, '<p>These are not the people who \"do\" ministry in our church — they are the people who help to facilitate, to enable, to encourage the entire congregation as it engages in ministry. We are here to serve you in the name of Jesus Christ! We invite you to get to know us, to contact us, and to join us in serving Christ.</p>', NULL, NULL, NULL, '0', '2017-07-24 16:42:35', '2017-07-24 20:42:18', 'a2b60143-e5f6-45f3-90f5-dd20ca4e113e'),
 ('6', '83', 'en_us', NULL, '<p>Giving online is very safe and easy to use. Selecting the button below will redirect you to Tithe.ly to submit your donation.</p>\n<p><br /></p>', NULL, NULL, NULL, '0', '2017-07-26 16:18:25', '2017-07-26 17:39:09', 'd59f7b36-1e0b-47e3-8c26-fb2379f2b6f3'),
 ('11', '121', 'en_us', NULL, '<p>Submit your requests here. (A more thorough paragraph could be added here.)</p>', NULL, NULL, NULL, '0', '2017-07-27 14:10:37', '2017-07-27 15:00:56', '378cb7e0-e462-4bdc-842d-0721f9da7e3d'),
 ('12', '122', 'en_us', NULL, NULL, NULL, 'prayerRequest', 'cowens@reachnative.com', '0', '2017-07-27 14:32:48', '2017-07-27 15:00:56', '58a28a64-c2de-43fc-8198-b41f985f4d76'),
 ('13', '123', 'en_us', NULL, NULL, NULL, 'contactUs', 'owenscoreymac@icloud.com', '0', '2017-07-27 15:03:29', '2017-08-04 16:26:09', '352606cf-4c86-4779-ae7f-02c9e28c8017'),
 ('14', '124', 'en_us', NULL, '<p><strong>Tradition &amp; Innovation</strong><br />People have gathered in this place to worship God for the better part of two centuries, and though times have changed since people gathered in open fields and under brush arbors for the first camp meetings held here, our reverence in worship has remained constant throughout the years.</p>\n<p><br />We gather for two worship services each Sunday morning. The day begins with a 9:00 AM contemporary worship service in our community ministry center, complete with multimedia features and praise band. At 11:00 AM, we gather together to worship God in a more traditional way.<br /><br />About two hundred years ago, people worshiped God in the fields surrounding our church in the earliest camp meetings here, and that was an innovative, contemporary way of worship then. We are grateful that we have been able to maintain the traditions that our ancestors in the faith began here, and we pray that God will continue to lead us in new directions.<br /><br />Come worship with us soon!</p>', NULL, NULL, NULL, '0', '2017-07-27 17:14:40', '2017-07-27 21:09:49', 'efc48eee-cbff-4122-a04f-43872eb8c4c5'),
 ('15', '139', 'en_us', NULL, '<p><b>\"Let the little children come to me, and do not hinder them, for to such belongs the kingdom of God.\" We believe it!</b><br /><br /><br />We work constantly to find new ways to make the love of Jesus Christ real to the children of our community! <br /><br /><b>Nursery care </b>is offered for young children for almost every church event. You can rest assured that there will always be a capable, caring adult ready to care for your child during any of our worship services. If you have questions about the availability of nursery care at any other event, please contact us.<br /><br /><b>Children\'s church </b>is a special time of worship for children between three and eight years old. With the help of loving adults, the children learn the stories of the Bible and begin to develop their own worship habits.<br /><br /><b>Sunday School</b> classes welcome children ages 2 and up.  Click on link to the left for ages and location of all classes for children and youth.<br /><br />On Sunday evenings, we have <b>Children\'s Choir</b> and <b>Youth Choir</b>practice.  Throughout the year, we have fun Sunday evening events, like the annual Easter Egg hunt and \"Trunks of Treats,\" our annual celebration of Halloween.<br /><br />Throughout the week, Sulphur Springs Community <b>Childcare Center </b>provides daycare for children between ages three months and five years. We offer a loving, nurturing environment for children to develop their social skills together.<br /><br />If you have questions about any of our children\'s ministries, please <a href=\"{entry:37:url}\">contact us</a>.</p>', NULL, NULL, NULL, '0', '2017-07-28 17:56:54', '2017-07-28 17:56:54', '91dafa00-d2f3-47ba-8730-f102ebe5edbe'),
 ('16', '141', 'en_us', NULL, '<p>This is just a test paragraph. Add content to fill this page with something that is informative.</p>', NULL, NULL, NULL, '0', '2017-08-01 02:42:38', '2017-08-01 02:42:38', '2ce8f8ef-4d99-4504-90d2-c55c017790a6'),
 ('17', '151', 'en_us', NULL, NULL, NULL, NULL, NULL, '1', '2017-08-04 15:49:20', '2017-08-04 16:26:09', '5b4c18d7-83ba-4b4f-87ac-38b7da9205af');



DROP TABLE IF EXISTS `craft_matrixcontent_sidebarcontent`;


--
-- Schema for table `craft_matrixcontent_sidebarcontent`
--
CREATE TABLE `craft_matrixcontent_sidebarcontent` (
  `id` int(11) NOT NULL AUTO_INCREMENT,
  `elementId` int(11) NOT NULL,
  `locale` char(12) COLLATE utf8_unicode_ci NOT NULL,
  `field_discoverMore_discoverMoreBox` tinyint(1) unsigned NOT NULL DEFAULT '0',
  `dateCreated` datetime NOT NULL,
  `dateUpdated` datetime NOT NULL,
  `uid` char(36) COLLATE utf8_unicode_ci NOT NULL DEFAULT '0',
  PRIMARY KEY (`id`),
  UNIQUE KEY `craft_matrixcontent_sidebarcontent_elementId_locale_unq_idx` (`elementId`,`locale`),
  KEY `craft_matrixcontent_sidebarcontent_locale_fk` (`locale`)
) ENGINE=InnoDB DEFAULT CHARSET=utf8 COLLATE=utf8_unicode_ci;

DROP TABLE IF EXISTS `craft_matrixcontent_staffdirectory`;


--
-- Schema for table `craft_matrixcontent_staffdirectory`
--
CREATE TABLE `craft_matrixcontent_staffdirectory` (
  `id` int(11) NOT NULL AUTO_INCREMENT,
  `elementId` int(11) NOT NULL,
  `locale` char(12) COLLATE utf8_unicode_ci NOT NULL,
  `field_staffMember_fullName` text COLLATE utf8_unicode_ci,
  `field_staffMember_bio` text COLLATE utf8_unicode_ci,
  `field_staffMember_emailAddress` text COLLATE utf8_unicode_ci,
  `field_staffMember_jobTitle` text COLLATE utf8_unicode_ci,
  `dateCreated` datetime NOT NULL,
  `dateUpdated` datetime NOT NULL,
  `uid` char(36) COLLATE utf8_unicode_ci NOT NULL DEFAULT '0',
  PRIMARY KEY (`id`),
  UNIQUE KEY `craft_matrixcontent_staffdirectory_elementId_locale_unq_idx` (`elementId`,`locale`),
  KEY `craft_matrixcontent_staffdirectory_locale_fk` (`locale`)
) ENGINE=InnoDB AUTO_INCREMENT=12 DEFAULT CHARSET=utf8 COLLATE=utf8_unicode_ci;

--
-- Data for table `craft_matrixcontent_staffdirectory`
--

INSERT INTO `craft_matrixcontent_staffdirectory` (`id`, `elementId`, `locale`, `field_staffMember_fullName`, `field_staffMember_bio`, `field_staffMember_emailAddress`, `field_staffMember_jobTitle`, `dateCreated`, `dateUpdated`, `uid`) VALUES
 ('6', '68', 'en_us', 'Joe Barber', '', 'joe@sulphurspringsumc.com', 'Pastor', '2017-07-24 20:35:27', '2017-07-24 20:42:18', 'ef02bcaf-e544-49e5-a95d-d1fa62ef13c6'),
 ('7', '77', 'en_us', 'Ralph Jeffers', '', 'ralph@sulphurspringsumc.com', 'Youth Minister', '2017-07-24 20:42:18', '2017-07-24 20:42:18', 'c6ef5239-d6f7-4655-88d0-a8761a8c184f'),
 ('8', '78', 'en_us', 'Debbie Suarez', '', 'debbie@sulphurspringsumc.com', 'Administrative Assistant', '2017-07-24 20:42:18', '2017-07-24 20:42:18', 'beb29d9f-623f-4595-adef-bfcf73b5c486'),
 ('9', '79', 'en_us', 'Ramona Bird', '', 'ramona@sulphurspringsumc.com', 'Music Minister', '2017-07-24 20:42:18', '2017-07-24 20:42:18', '7254f893-220f-4c3d-832f-021d6e0a83ed'),
 ('10', '80', 'en_us', 'Tammy Knapp-Stanton', '', 'tammy@sulphurspringsumc.com', 'Children\'s Minister', '2017-07-24 20:42:18', '2017-07-24 20:42:18', 'c5a146ca-f1de-424f-8878-c5554b9cb645'),
 ('11', '81', 'en_us', 'Gwen Collins', '', 'gwen@sulphurspringsumc.com', 'Children\'s Director', '2017-07-24 20:42:18', '2017-07-24 20:42:18', 'f506d158-e9e4-49e1-bfde-df3466ef6cfe');



DROP TABLE IF EXISTS `craft_migrations`;


--
-- Schema for table `craft_migrations`
--
CREATE TABLE `craft_migrations` (
  `id` int(11) NOT NULL AUTO_INCREMENT,
  `pluginId` int(11) DEFAULT NULL,
  `version` varchar(255) COLLATE utf8_unicode_ci NOT NULL,
  `applyTime` datetime NOT NULL,
  `dateCreated` datetime NOT NULL,
  `dateUpdated` datetime NOT NULL,
  `uid` char(36) COLLATE utf8_unicode_ci NOT NULL DEFAULT '0',
  PRIMARY KEY (`id`),
  UNIQUE KEY `craft_migrations_version_unq_idx` (`version`),
  KEY `craft_migrations_pluginId_fk` (`pluginId`)
) ENGINE=InnoDB AUTO_INCREMENT=39 DEFAULT CHARSET=utf8 COLLATE=utf8_unicode_ci;

--
-- Data for table `craft_migrations`
--

INSERT INTO `craft_migrations` (`id`, `pluginId`, `version`, `applyTime`, `dateCreated`, `dateUpdated`, `uid`) VALUES
 ('1', NULL, 'm000000_000000_base', '2017-06-12 15:44:15', '2017-06-12 15:44:16', '2017-06-12 15:44:16', '7c2a374b-0427-4116-9356-5860a642d574'),
 ('2', NULL, 'm140730_000001_add_filename_and_format_to_transformindex', '2017-06-12 15:44:15', '2017-06-12 15:44:16', '2017-06-12 15:44:16', 'c25a842d-3caa-44f3-af00-9e128939b721'),
 ('3', NULL, 'm140815_000001_add_format_to_transforms', '2017-06-12 15:44:15', '2017-06-12 15:44:16', '2017-06-12 15:44:16', 'e40a0c3f-2939-43ca-b75f-e213873b30e9'),
 ('4', NULL, 'm140822_000001_allow_more_than_128_items_per_field', '2017-06-12 15:44:15', '2017-06-12 15:44:16', '2017-06-12 15:44:16', 'c6653584-49ff-42d7-b360-6579e62e78d9'),
 ('5', NULL, 'm140829_000001_single_title_formats', '2017-06-12 15:44:15', '2017-06-12 15:44:16', '2017-06-12 15:44:16', 'be7a4cac-2eea-4061-b305-991318325729'),
 ('6', NULL, 'm140831_000001_extended_cache_keys', '2017-06-12 15:44:15', '2017-06-12 15:44:16', '2017-06-12 15:44:16', '44de07e6-5d73-4a80-938c-9356b09be572'),
 ('7', NULL, 'm140922_000001_delete_orphaned_matrix_blocks', '2017-06-12 15:44:15', '2017-06-12 15:44:16', '2017-06-12 15:44:16', '83c6ee1c-2288-4d32-abad-1f1ae8f187a8'),
 ('8', NULL, 'm141008_000001_elements_index_tune', '2017-06-12 15:44:15', '2017-06-12 15:44:16', '2017-06-12 15:44:16', 'a94b2bb1-8024-4d59-885f-f9282e61fb4d'),
 ('9', NULL, 'm141009_000001_assets_source_handle', '2017-06-12 15:44:15', '2017-06-12 15:44:16', '2017-06-12 15:44:16', 'a1b0cab7-28c9-4b11-a94a-2e1df9289b70'),
 ('10', NULL, 'm141024_000001_field_layout_tabs', '2017-06-12 15:44:15', '2017-06-12 15:44:16', '2017-06-12 15:44:16', 'd4974869-f505-4a11-a770-eee266b729b1'),
 ('11', NULL, 'm141030_000000_plugin_schema_versions', '2017-06-12 15:44:15', '2017-06-12 15:44:16', '2017-06-12 15:44:16', 'cce98017-c47f-4f87-8878-27b4f6e0c53a'),
 ('12', NULL, 'm141030_000001_drop_structure_move_permission', '2017-06-12 15:44:15', '2017-06-12 15:44:16', '2017-06-12 15:44:16', 'c8fccc19-a485-4b3c-9fd0-e20a17be9dbc'),
 ('13', NULL, 'm141103_000001_tag_titles', '2017-06-12 15:44:15', '2017-06-12 15:44:16', '2017-06-12 15:44:16', '0b85c110-c71f-439b-8c3e-94723080b145'),
 ('14', NULL, 'm141109_000001_user_status_shuffle', '2017-06-12 15:44:15', '2017-06-12 15:44:16', '2017-06-12 15:44:16', '475ab492-7194-4378-9aaf-4389cbd4d2fd'),
 ('15', NULL, 'm141126_000001_user_week_start_day', '2017-06-12 15:44:15', '2017-06-12 15:44:16', '2017-06-12 15:44:16', '5cdb8998-6a9a-492a-b8f9-0da8ede4985c'),
 ('16', NULL, 'm150210_000001_adjust_user_photo_size', '2017-06-12 15:44:15', '2017-06-12 15:44:16', '2017-06-12 15:44:16', 'cb1666a4-2f1c-444b-ae06-c99741124488'),
 ('17', NULL, 'm150724_000001_adjust_quality_settings', '2017-06-12 15:44:15', '2017-06-12 15:44:16', '2017-06-12 15:44:16', '83e9e73f-d675-4656-ba5f-665e8bfc43d3'),
 ('18', NULL, 'm150827_000000_element_index_settings', '2017-06-12 15:44:15', '2017-06-12 15:44:16', '2017-06-12 15:44:16', '7ce9e0f2-4dbb-44dd-ba09-73a149b19788'),
 ('19', NULL, 'm150918_000001_add_colspan_to_widgets', '2017-06-12 15:44:15', '2017-06-12 15:44:16', '2017-06-12 15:44:16', '75ac643a-36f1-40c0-997b-d70811a21eed'),
 ('20', NULL, 'm151007_000000_clear_asset_caches', '2017-06-12 15:44:15', '2017-06-12 15:44:16', '2017-06-12 15:44:16', '4678821c-4ec7-4007-9ae4-1aa28b476f02'),
 ('21', NULL, 'm151109_000000_text_url_formats', '2017-06-12 15:44:15', '2017-06-12 15:44:16', '2017-06-12 15:44:16', 'a580644f-6392-43dd-b6b0-67d83326d650'),
 ('22', NULL, 'm151110_000000_move_logo', '2017-06-12 15:44:15', '2017-06-12 15:44:16', '2017-06-12 15:44:16', 'f5b941c8-3e15-4c38-85b6-dc5f583ac07b'),
 ('23', NULL, 'm151117_000000_adjust_image_widthheight', '2017-06-12 15:44:15', '2017-06-12 15:44:16', '2017-06-12 15:44:16', '6111a15c-73d7-44bf-961a-3a66568ea96a'),
 ('24', NULL, 'm151127_000000_clear_license_key_status', '2017-06-12 15:44:15', '2017-06-12 15:44:16', '2017-06-12 15:44:16', '81f2482d-5e8b-4a46-9267-9054fc1776ed'),
 ('25', NULL, 'm151127_000000_plugin_license_keys', '2017-06-12 15:44:15', '2017-06-12 15:44:16', '2017-06-12 15:44:16', '60e85cfc-4a24-4c0b-8aac-cb18e0ef6c78'),
 ('26', NULL, 'm151130_000000_update_pt_widget_feeds', '2017-06-12 15:44:15', '2017-06-12 15:44:16', '2017-06-12 15:44:16', '8c36c4e0-b16d-4879-a1e6-abf138e8c03c'),
 ('27', NULL, 'm160114_000000_asset_sources_public_url_default_true', '2017-06-12 15:44:15', '2017-06-12 15:44:16', '2017-06-12 15:44:16', '96f80e09-36fb-40af-ad56-e252a242de50'),
 ('28', NULL, 'm160223_000000_sortorder_to_smallint', '2017-06-12 15:44:15', '2017-06-12 15:44:16', '2017-06-12 15:44:16', 'b3f55ad8-6c24-4ddd-9889-aedb68128180'),
 ('29', NULL, 'm160229_000000_set_default_entry_statuses', '2017-06-12 15:44:15', '2017-06-12 15:44:16', '2017-06-12 15:44:16', '33b92921-85c2-41b8-999d-82525c6d794f'),
 ('30', NULL, 'm160304_000000_client_permissions', '2017-06-12 15:44:15', '2017-06-12 15:44:16', '2017-06-12 15:44:16', '38de1baf-83c7-4026-b1d6-2b725bb5444f'),
 ('31', NULL, 'm160322_000000_asset_filesize', '2017-06-12 15:44:15', '2017-06-12 15:44:16', '2017-06-12 15:44:16', '158e9aee-797e-4467-b55e-e807df913dc3'),
 ('32', NULL, 'm160503_000000_orphaned_fieldlayouts', '2017-06-12 15:44:15', '2017-06-12 15:44:16', '2017-06-12 15:44:16', '966174cd-eb16-4d97-b843-fd841b88c4f5'),
 ('33', NULL, 'm160510_000000_tasksettings', '2017-06-12 15:44:15', '2017-06-12 15:44:16', '2017-06-12 15:44:16', '22e4f86b-13df-49e6-851e-260556341903'),
 ('34', NULL, 'm160829_000000_pending_user_content_cleanup', '2017-06-12 15:44:15', '2017-06-12 15:44:16', '2017-06-12 15:44:16', '57e82b55-fae5-4476-8e8b-a6944841de51'),
 ('35', NULL, 'm160830_000000_asset_index_uri_increase', '2017-06-12 15:44:15', '2017-06-12 15:44:16', '2017-06-12 15:44:16', '2255cdf0-a25e-4d70-babc-136d4fb19b8e'),
 ('36', NULL, 'm160919_000000_usergroup_handle_title_unique', '2017-06-12 15:44:15', '2017-06-12 15:44:16', '2017-06-12 15:44:16', 'd4ffe861-eb89-4ba7-b7f8-be86d5a323e8'),
 ('37', NULL, 'm161108_000000_new_version_format', '2017-06-12 15:44:15', '2017-06-12 15:44:16', '2017-06-12 15:44:16', 'c7b2546f-ece2-41b6-8d15-fe67b907858a'),
 ('38', NULL, 'm161109_000000_index_shuffle', '2017-06-12 15:44:15', '2017-06-12 15:44:16', '2017-06-12 15:44:16', '5687adcb-2355-4d41-8fcd-8bb78e226e54');



DROP TABLE IF EXISTS `craft_plugins`;


--
-- Schema for table `craft_plugins`
--
CREATE TABLE `craft_plugins` (
  `id` int(11) NOT NULL AUTO_INCREMENT,
  `class` varchar(150) COLLATE utf8_unicode_ci NOT NULL,
  `version` varchar(15) COLLATE utf8_unicode_ci NOT NULL,
  `schemaVersion` varchar(15) COLLATE utf8_unicode_ci DEFAULT NULL,
  `licenseKey` char(24) COLLATE utf8_unicode_ci DEFAULT NULL,
  `licenseKeyStatus` enum('valid','invalid','mismatched','unknown') COLLATE utf8_unicode_ci NOT NULL DEFAULT 'unknown',
  `enabled` tinyint(1) unsigned NOT NULL DEFAULT '0',
  `settings` text COLLATE utf8_unicode_ci,
  `installDate` datetime NOT NULL,
  `dateCreated` datetime NOT NULL,
  `dateUpdated` datetime NOT NULL,
  `uid` char(36) COLLATE utf8_unicode_ci NOT NULL DEFAULT '0',
  PRIMARY KEY (`id`)
) ENGINE=InnoDB AUTO_INCREMENT=3 DEFAULT CHARSET=utf8 COLLATE=utf8_unicode_ci;

--
-- Data for table `craft_plugins`
--

INSERT INTO `craft_plugins` (`id`, `class`, `version`, `schemaVersion`, `licenseKey`, `licenseKeyStatus`, `enabled`, `settings`, `installDate`, `dateCreated`, `dateUpdated`, `uid`) VALUES
 ('1', 'Imager', '1.6.2', '1.0.0', NULL, 'unknown', '1', NULL, '2017-08-05 01:52:03', '2017-08-05 01:52:03', '2017-08-05 01:52:03', 'de9ab206-801c-4355-9fa3-ce71a090d7ad'),
 ('2', 'ImageResizer', '1.0.0', '1.0.0', NULL, 'unknown', '1', '{\"enabled\":\"1\",\"imageWidth\":\"2048\",\"imageHeight\":\"2048\",\"imageQuality\":\"100\",\"assetSources\":\"*\",\"assetSourceSettings\":{\"2\":{\"enabled\":\"1\",\"imageWidth\":\"\",\"imageHeight\":\"\",\"imageQuality\":\"\"},\"3\":{\"enabled\":\"1\",\"imageWidth\":\"\",\"imageHeight\":\"\",\"imageQuality\":\"\"},\"4\":{\"enabled\":\"1\",\"imageWidth\":\"\",\"imageHeight\":\"\",\"imageQuality\":\"\"},\"5\":{\"enabled\":\"1\",\"imageWidth\":\"\",\"imageHeight\":\"\",\"imageQuality\":\"\"},\"6\":{\"enabled\":\"1\",\"imageWidth\":\"\",\"imageHeight\":\"\",\"imageQuality\":\"\"}},\"skipLarger\":\"1\",\"nonDestructiveResize\":\"1\",\"nonDestructiveCrop\":\"1\",\"croppingRatios\":[{\"name\":\"Free\",\"width\":\"none\",\"height\":\"none\"},{\"name\":\"Square\",\"width\":\"1\",\"height\":\"1\"},{\"name\":\"Constrain\",\"width\":\"relative\",\"height\":\"relative\"},{\"name\":\"4:3\",\"width\":\"4\",\"height\":\"3\"},{\"name\":\"16:9\",\"width\":\"16\",\"height\":\"9\"}]}', '2017-08-05 01:57:55', '2017-08-05 01:57:55', '2017-08-05 03:03:50', 'f28c264d-0a79-417c-bf4b-5bd2fa1246cc');



DROP TABLE IF EXISTS `craft_rackspaceaccess`;


--
-- Schema for table `craft_rackspaceaccess`
--
CREATE TABLE `craft_rackspaceaccess` (
  `id` int(11) NOT NULL AUTO_INCREMENT,
  `connectionKey` varchar(255) COLLATE utf8_unicode_ci NOT NULL,
  `token` varchar(255) COLLATE utf8_unicode_ci NOT NULL,
  `storageUrl` varchar(255) COLLATE utf8_unicode_ci NOT NULL,
  `cdnUrl` varchar(255) COLLATE utf8_unicode_ci NOT NULL,
  `dateCreated` datetime NOT NULL,
  `dateUpdated` datetime NOT NULL,
  `uid` char(36) COLLATE utf8_unicode_ci NOT NULL DEFAULT '0',
  PRIMARY KEY (`id`),
  UNIQUE KEY `craft_rackspaceaccess_connectionKey_unq_idx` (`connectionKey`)
) ENGINE=InnoDB DEFAULT CHARSET=utf8 COLLATE=utf8_unicode_ci;

DROP TABLE IF EXISTS `craft_relations`;


--
-- Schema for table `craft_relations`
--
CREATE TABLE `craft_relations` (
  `id` int(11) NOT NULL AUTO_INCREMENT,
  `fieldId` int(11) NOT NULL,
  `sourceId` int(11) NOT NULL,
  `sourceLocale` char(12) COLLATE utf8_unicode_ci DEFAULT NULL,
  `targetId` int(11) NOT NULL,
  `sortOrder` smallint(6) DEFAULT NULL,
  `dateCreated` datetime NOT NULL,
  `dateUpdated` datetime NOT NULL,
  `uid` char(36) COLLATE utf8_unicode_ci NOT NULL DEFAULT '0',
  PRIMARY KEY (`id`),
  UNIQUE KEY `craft_relations_fieldId_sourceId_sourceLocale_targetId_unq_idx` (`fieldId`,`sourceId`,`sourceLocale`,`targetId`),
  KEY `craft_relations_sourceId_fk` (`sourceId`),
  KEY `craft_relations_sourceLocale_fk` (`sourceLocale`),
  KEY `craft_relations_targetId_fk` (`targetId`)
) ENGINE=InnoDB AUTO_INCREMENT=99 DEFAULT CHARSET=utf8 COLLATE=utf8_unicode_ci;

--
-- Data for table `craft_relations`
--

INSERT INTO `craft_relations` (`id`, `fieldId`, `sourceId`, `sourceLocale`, `targetId`, `sortOrder`, `dateCreated`, `dateUpdated`, `uid`) VALUES
 ('56', '30', '68', NULL, '67', '1', '2017-07-24 20:42:18', '2017-07-24 20:42:18', 'c3a02a50-7cfa-4779-be30-d4e4f2c90788'),
 ('57', '30', '77', NULL, '74', '1', '2017-07-24 20:42:18', '2017-07-24 20:42:18', '8d8c1d5a-3a5b-46be-9d90-5ebb224480c6'),
 ('58', '30', '78', NULL, '71', '1', '2017-07-24 20:42:18', '2017-07-24 20:42:18', '6ffe2571-4e15-4a2e-b4a7-ac08c6b5d277'),
 ('59', '30', '79', NULL, '75', '1', '2017-07-24 20:42:18', '2017-07-24 20:42:18', 'aed80f58-56b0-4024-86fa-5797f6ce0f2d'),
 ('60', '30', '80', NULL, '76', '1', '2017-07-24 20:42:18', '2017-07-24 20:42:18', 'e8f9529d-5aef-42a9-b647-ac64205eafbd'),
 ('61', '30', '81', NULL, '72', '1', '2017-07-24 20:42:18', '2017-07-24 20:42:18', 'e019b19a-07ed-40c8-b381-cec9a1d244b6'),
 ('62', '15', '33', NULL, '84', '1', '2017-07-26 16:35:45', '2017-07-26 16:35:45', 'd7796e0d-6953-48f9-9527-9da73e5b1698'),
 ('74', '36', '2', NULL, '112', '1', '2017-07-27 16:54:42', '2017-07-27 16:54:42', '02c86ea3-5009-4184-8929-92b7c02b976e'),
 ('75', '15', '19', NULL, '70', '1', '2017-07-27 17:07:34', '2017-07-27 17:07:34', '1a85be58-4d55-4432-bf9e-9c890fc326e9'),
 ('79', '15', '31', NULL, '127', '1', '2017-07-27 21:09:49', '2017-07-27 21:09:49', '42120910-3c87-4374-b8b7-2e6097f42cce'),
 ('80', '15', '20', NULL, '135', '1', '2017-07-27 21:15:44', '2017-07-27 21:15:44', '781aac08-e162-4faa-8a58-8b521f949108'),
 ('81', '15', '28', NULL, '138', '1', '2017-07-28 17:56:54', '2017-07-28 17:56:54', 'abaaa40c-11b2-486c-930b-d67dbe15965f'),
 ('91', '53', '144', NULL, '146', '1', '2017-08-02 02:43:31', '2017-08-02 02:43:31', '97d3b7b5-f240-482e-a3a9-15289d353e87'),
 ('94', '55', '148', NULL, '149', '1', '2017-08-03 15:59:06', '2017-08-03 15:59:06', '6dca3f47-85b4-4d68-8286-108814ebd042'),
 ('98', '56', '140', NULL, '85', '1', '2017-08-03 16:55:26', '2017-08-03 16:55:26', '722d5f6d-08fb-4918-aa6c-f5582c039f62');



DROP TABLE IF EXISTS `craft_routes`;


--
-- Schema for table `craft_routes`
--
CREATE TABLE `craft_routes` (
  `id` int(11) NOT NULL AUTO_INCREMENT,
  `locale` char(12) COLLATE utf8_unicode_ci DEFAULT NULL,
  `urlParts` varchar(255) COLLATE utf8_unicode_ci NOT NULL,
  `urlPattern` varchar(255) COLLATE utf8_unicode_ci NOT NULL,
  `template` varchar(255) COLLATE utf8_unicode_ci NOT NULL,
  `sortOrder` smallint(6) unsigned DEFAULT NULL,
  `dateCreated` datetime NOT NULL,
  `dateUpdated` datetime NOT NULL,
  `uid` char(36) COLLATE utf8_unicode_ci NOT NULL DEFAULT '0',
  PRIMARY KEY (`id`),
  UNIQUE KEY `craft_routes_urlPattern_unq_idx` (`urlPattern`),
  KEY `craft_routes_locale_idx` (`locale`)
) ENGINE=InnoDB DEFAULT CHARSET=utf8 COLLATE=utf8_unicode_ci;

DROP TABLE IF EXISTS `craft_searchindex`;


--
-- Schema for table `craft_searchindex`
--
CREATE TABLE `craft_searchindex` (
  `elementId` int(11) NOT NULL,
  `attribute` varchar(25) COLLATE utf8_unicode_ci NOT NULL,
  `fieldId` int(11) NOT NULL,
  `locale` char(12) COLLATE utf8_unicode_ci NOT NULL,
  `keywords` text COLLATE utf8_unicode_ci NOT NULL,
  PRIMARY KEY (`elementId`,`attribute`,`fieldId`,`locale`),
  FULLTEXT KEY `craft_searchindex_keywords_idx` (`keywords`)
) ENGINE=MyISAM DEFAULT CHARSET=utf8 COLLATE=utf8_unicode_ci;

--
-- Data for table `craft_searchindex`
--

INSERT INTO `craft_searchindex` (`elementId`, `attribute`, `fieldId`, `locale`, `keywords`) VALUES
 ('25', 'filename', '0', 'en_us', ' first_slide jpg '),
 ('25', 'extension', '0', 'en_us', ' jpg '),
 ('25', 'kind', '0', 'en_us', ' image '),
 ('25', 'slug', '0', 'en_us', ' first slide '),
 ('25', 'title', '0', 'en_us', ' first slide '),
 ('69', 'filename', '0', 'en_us', ' 1y3a7165 jpg '),
 ('69', 'extension', '0', 'en_us', ' jpg '),
 ('69', 'kind', '0', 'en_us', ' image '),
 ('69', 'slug', '0', 'en_us', ' 1 y3 a7165 '),
 ('69', 'title', '0', 'en_us', ' 1 y3 a7165 '),
 ('69', 'field', '13', 'en_us', ''),
 ('67', 'filename', '0', 'en_us', ' joe png '),
 ('67', 'extension', '0', 'en_us', ' png '),
 ('67', 'kind', '0', 'en_us', ' image '),
 ('67', 'slug', '0', 'en_us', ' joe '),
 ('67', 'title', '0', 'en_us', ' joe '),
 ('70', 'filename', '0', 'en_us', ' 1y3a7166 jpg '),
 ('70', 'extension', '0', 'en_us', ' jpg '),
 ('70', 'kind', '0', 'en_us', ' image '),
 ('70', 'slug', '0', 'en_us', ' 1 y3 a7166 '),
 ('70', 'title', '0', 'en_us', ' 1 y3 a7166 '),
 ('70', 'field', '13', 'en_us', ''),
 ('15', 'slug', '0', 'en_us', ' im new '),
 ('15', 'title', '0', 'en_us', ' i m new '),
 ('15', 'field', '15', 'en_us', ''),
 ('15', 'field', '13', 'en_us', ''),
 ('15', 'field', '29', 'en_us', ''),
 ('2', 'slug', '0', 'en_us', ' homepage '),
 ('2', 'title', '0', 'en_us', ' welcome to sulphur springs united methodist church '),
 ('2', 'field', '4', 'en_us', ' http dev sulphurspringsumc com discover serving others loving one another '),
 ('116', 'title', '0', 'en_us', ' belong '),
 ('115', 'slug', '0', 'en_us', ' serve '),
 ('115', 'title', '0', 'en_us', ' serve '),
 ('116', 'slug', '0', 'en_us', ' belong '),
 ('19', 'field', '35', 'en_us', ''),
 ('20', 'field', '35', 'en_us', ''),
 ('85', 'filename', '0', 'en_us', ' belong 3 jpg '),
 ('85', 'extension', '0', 'en_us', ' jpg '),
 ('85', 'kind', '0', 'en_us', ' image '),
 ('85', 'slug', '0', 'en_us', ' belong 3 '),
 ('85', 'title', '0', 'en_us', ' belong 3 '),
 ('117', 'extension', '0', 'en_us', ' mp3 '),
 ('16', 'slug', '0', 'en_us', ' connect '),
 ('16', 'title', '0', 'en_us', ' connect '),
 ('16', 'field', '15', 'en_us', ''),
 ('16', 'field', '13', 'en_us', ''),
 ('16', 'field', '29', 'en_us', ''),
 ('17', 'slug', '0', 'en_us', ' missions '),
 ('17', 'title', '0', 'en_us', ' missions '),
 ('17', 'field', '15', 'en_us', ''),
 ('17', 'field', '13', 'en_us', ''),
 ('17', 'field', '29', 'en_us', ''),
 ('18', 'slug', '0', 'en_us', ' contact '),
 ('18', 'title', '0', 'en_us', ' contact '),
 ('18', 'field', '15', 'en_us', ''),
 ('18', 'field', '13', 'en_us', ''),
 ('18', 'field', '29', 'en_us', ''),
 ('19', 'slug', '0', 'en_us', ' about our church '),
 ('19', 'title', '0', 'en_us', ' about our church '),
 ('19', 'field', '15', 'en_us', ' 1 y3 a7166 '),
 ('19', 'field', '13', 'en_us', ' we are a congregation of over four hundred members in the beautiful sulphur springs community of washington county tennessee we are a congregation with a unique history and an exciting future we are united methodists but most importantly we are disciples of jesus christ we are people just like you '),
 ('19', 'field', '29', 'en_us', ''),
 ('20', 'slug', '0', 'en_us', ' history '),
 ('20', 'title', '0', 'en_us', ' history '),
 ('20', 'field', '15', 'en_us', ' campshed '),
 ('20', 'field', '13', 'en_us', ''),
 ('20', 'field', '29', 'en_us', ''),
 ('21', 'slug', '0', 'en_us', ' what we believe '),
 ('21', 'title', '0', 'en_us', ' what we believe '),
 ('21', 'field', '15', 'en_us', ''),
 ('21', 'field', '13', 'en_us', ''),
 ('21', 'field', '29', 'en_us', ''),
 ('22', 'slug', '0', 'en_us', ' membership '),
 ('22', 'title', '0', 'en_us', ' membership '),
 ('22', 'field', '15', 'en_us', ''),
 ('22', 'field', '13', 'en_us', ''),
 ('22', 'field', '29', 'en_us', ''),
 ('28', 'slug', '0', 'en_us', ' children '),
 ('28', 'title', '0', 'en_us', ' children '),
 ('28', 'field', '15', 'en_us', ' children cover '),
 ('28', 'field', '13', 'en_us', ' let the little children come to me and do not hinder them for to such belongs the kingdom of god we believe it we work constantly to find new ways to make the love of jesus christ real to the children of our community nursery care is offered for young children for almost every church event you can rest assured that there will always be a capable caring adult ready to care for your child during any of our worship services if you have questions about the availability of nursery care at any other event please contact us children s church is a special time of worship for children between three and eight years old with the help of loving adults the children learn the stories of the bible and begin to develop their own worship habits sunday school classes welcome children ages 2 and up click on link to the left for ages and location of all classes for children and youth on sunday evenings we have children s choir and youth choirpractice throughout the year we have fun sunday evening events like the annual easter egg hunt and trunks of treats our annual celebration of halloween throughout the week sulphur springs community childcare center provides daycare for children between ages three months and five years we offer a loving nurturing environment for children to develop their social skills together if you have questions about any of our children s ministries please contact us '),
 ('28', 'field', '29', 'en_us', ''),
 ('29', 'slug', '0', 'en_us', ' youth '),
 ('29', 'title', '0', 'en_us', ' youth '),
 ('29', 'field', '15', 'en_us', ''),
 ('29', 'field', '13', 'en_us', ''),
 ('29', 'field', '29', 'en_us', ''),
 ('30', 'slug', '0', 'en_us', ' adult small groups '),
 ('30', 'title', '0', 'en_us', ' adult small groups '),
 ('30', 'field', '15', 'en_us', ''),
 ('30', 'field', '13', 'en_us', ''),
 ('30', 'field', '29', 'en_us', ''),
 ('31', 'slug', '0', 'en_us', ' worship '),
 ('31', 'title', '0', 'en_us', ' worship '),
 ('31', 'field', '15', 'en_us', ' worship '),
 ('31', 'field', '13', 'en_us', ' tradition innovationpeople have gathered in this place to worship god for the better part of two centuries and though times have changed since people gathered in open fields and under brush arbors for the first camp meetings held here our reverence in worship has remained constant throughout the years we gather for two worship services each sunday morning the day begins with a 9 00 am contemporary worship service in our community ministry center complete with multimedia features and praise band at 11 00 am we gather together to worship god in a more traditional way about two hundred years ago people worshiped god in the fields surrounding our church in the earliest camp meetings here and that was an innovative contemporary way of worship then we are grateful that we have been able to maintain the traditions that our ancestors in the faith began here and we pray that god will continue to lead us in new directions come worship with us soon '),
 ('31', 'field', '29', 'en_us', ''),
 ('32', 'slug', '0', 'en_us', ' um men women '),
 ('32', 'title', '0', 'en_us', ' um men women '),
 ('32', 'field', '15', 'en_us', '');
INSERT INTO `craft_searchindex` (`elementId`, `attribute`, `fieldId`, `locale`, `keywords`) VALUES
 ('32', 'field', '13', 'en_us', ''),
 ('32', 'field', '29', 'en_us', ''),
 ('33', 'slug', '0', 'en_us', ' upper room quilters '),
 ('33', 'title', '0', 'en_us', ' upper room quilters '),
 ('33', 'field', '15', 'en_us', ' quilters '),
 ('33', 'field', '13', 'en_us', ''),
 ('33', 'field', '29', 'en_us', ''),
 ('34', 'slug', '0', 'en_us', ' harvest festival '),
 ('34', 'title', '0', 'en_us', ' harvest festival '),
 ('34', 'field', '15', 'en_us', ''),
 ('34', 'field', '13', 'en_us', ''),
 ('34', 'field', '29', 'en_us', ''),
 ('35', 'slug', '0', 'en_us', ' prayer requests '),
 ('35', 'title', '0', 'en_us', ' prayer requests '),
 ('35', 'field', '15', 'en_us', ''),
 ('35', 'field', '13', 'en_us', ' submit your requests here a more thorough paragraph could be added here prayerrequest cowens reachnative com '),
 ('35', 'field', '29', 'en_us', ''),
 ('36', 'slug', '0', 'en_us', ' staff '),
 ('36', 'title', '0', 'en_us', ' staff '),
 ('36', 'field', '15', 'en_us', ''),
 ('36', 'field', '13', 'en_us', ' these are not the people who do ministry in our church they are the people who help to facilitate to enable to encourage the entire congregation as it engages in ministry we are here to serve you in the name of jesus christ we invite you to get to know us to contact us and to join us in serving christ '),
 ('36', 'field', '29', 'en_us', ' joe sulphurspringsumc com joe barber pastor joe ralph sulphurspringsumc com ralph jeffers youth minister ralph debbie sulphurspringsumc com debbie suarez administrative assistant debbie ramona sulphurspringsumc com ramona bird music minister ramona tammy sulphurspringsumc com tammy knapp stanton children s minister tammy gwen sulphurspringsumc com gwen collins children s director gwen '),
 ('37', 'slug', '0', 'en_us', ' contact us '),
 ('37', 'title', '0', 'en_us', ' contact us '),
 ('37', 'field', '15', 'en_us', ''),
 ('37', 'field', '13', 'en_us', ' 1 contactus owenscoreymac icloud com '),
 ('37', 'field', '29', 'en_us', ''),
 ('39', 'slug', '0', 'en_us', ' daily bible reading '),
 ('39', 'title', '0', 'en_us', ' daily bible reading '),
 ('39', 'field', '15', 'en_us', ''),
 ('39', 'field', '13', 'en_us', ''),
 ('39', 'field', '29', 'en_us', ''),
 ('40', 'slug', '0', 'en_us', ' ministry team minutes '),
 ('40', 'title', '0', 'en_us', ' ministry team minutes '),
 ('40', 'field', '15', 'en_us', ''),
 ('40', 'field', '13', 'en_us', ''),
 ('40', 'field', '29', 'en_us', ''),
 ('41', 'slug', '0', 'en_us', ' online giving '),
 ('41', 'title', '0', 'en_us', ' online giving '),
 ('41', 'field', '15', 'en_us', ''),
 ('41', 'field', '13', 'en_us', ' giving online is very safe and easy to use selecting the button below will redirect you to tithe ly to submit your donation '),
 ('41', 'field', '29', 'en_us', ''),
 ('23', 'slug', '0', 'en_us', ''),
 ('23', 'field', '9', 'en_us', ' 9 00am contemporary service 10 00am sunday school 11 00am traditional service '),
 ('38', 'slug', '0', 'en_us', ' resources '),
 ('38', 'title', '0', 'en_us', ' resources '),
 ('38', 'field', '15', 'en_us', ''),
 ('38', 'field', '13', 'en_us', ''),
 ('38', 'field', '29', 'en_us', ''),
 ('26', 'slug', '0', 'en_us', ''),
 ('26', 'field', '10', 'en_us', ' 1432 gray sulphur springs rdjonesborough tn 37659 '),
 ('26', 'field', '11', 'en_us', ' 423 753 5631 '),
 ('27', 'slug', '0', 'en_us', ''),
 ('27', 'field', '12', 'en_us', ' monday 8 30am 4 00pm tuesday wednesday 8 30am 2 00pm thursday 8 30am 4 00pm closed friday '),
 ('11', 'slug', '0', 'en_us', ''),
 ('11', 'field', '5', 'en_us', ' people '),
 ('11', 'field', '6', 'en_us', ' serving others '),
 ('11', 'field', '7', 'en_us', ' discover more '),
 ('11', 'field', '8', 'en_us', ' http dev sulphurspringsumc com discover '),
 ('47', 'slug', '0', 'en_us', ''),
 ('47', 'field', '17', 'en_us', ' we are a congregation of over four hundred members in the beautiful sulphur springs community of washington county tennessee we are a congregation with a unique history and an exciting future we are united methodists but most importantly we are disciples of jesus christ we are people just like you '),
 ('59', 'slug', '0', 'en_us', ''),
 ('59', 'field', '17', 'en_us', ' these are not the people who do ministry in our church they are the people who help to facilitate to enable to encourage the entire congregation as it engages in ministry we are here to serve you in the name of jesus christ we invite you to get to know us to contact us and to join us in serving christ '),
 ('68', 'slug', '0', 'en_us', ''),
 ('68', 'field', '30', 'en_us', ' joe '),
 ('68', 'field', '31', 'en_us', ' joe barber '),
 ('68', 'field', '34', 'en_us', ' pastor '),
 ('68', 'field', '32', 'en_us', ''),
 ('68', 'field', '33', 'en_us', ' joe sulphurspringsumc com '),
 ('1', 'username', '0', 'en_us', ' reachnative '),
 ('1', 'firstname', '0', 'en_us', ' corey '),
 ('1', 'lastname', '0', 'en_us', ' owens '),
 ('1', 'fullname', '0', 'en_us', ' corey owens '),
 ('1', 'email', '0', 'en_us', ' cowens reachnative com '),
 ('1', 'slug', '0', 'en_us', ''),
 ('71', 'filename', '0', 'en_us', ' debbie png '),
 ('71', 'extension', '0', 'en_us', ' png '),
 ('71', 'kind', '0', 'en_us', ' image '),
 ('71', 'slug', '0', 'en_us', ' debbie '),
 ('71', 'title', '0', 'en_us', ' debbie '),
 ('72', 'filename', '0', 'en_us', ' gwen png '),
 ('72', 'extension', '0', 'en_us', ' png '),
 ('72', 'kind', '0', 'en_us', ' image '),
 ('72', 'slug', '0', 'en_us', ' gwen '),
 ('72', 'title', '0', 'en_us', ' gwen '),
 ('74', 'filename', '0', 'en_us', ' ralph png '),
 ('74', 'extension', '0', 'en_us', ' png '),
 ('74', 'kind', '0', 'en_us', ' image '),
 ('74', 'slug', '0', 'en_us', ' ralph '),
 ('74', 'title', '0', 'en_us', ' ralph '),
 ('75', 'filename', '0', 'en_us', ' ramona png '),
 ('75', 'extension', '0', 'en_us', ' png '),
 ('75', 'kind', '0', 'en_us', ' image '),
 ('75', 'slug', '0', 'en_us', ' ramona '),
 ('75', 'title', '0', 'en_us', ' ramona '),
 ('76', 'filename', '0', 'en_us', ' tammy png '),
 ('76', 'extension', '0', 'en_us', ' png '),
 ('76', 'kind', '0', 'en_us', ' image '),
 ('76', 'slug', '0', 'en_us', ' tammy '),
 ('76', 'title', '0', 'en_us', ' tammy ');
INSERT INTO `craft_searchindex` (`elementId`, `attribute`, `fieldId`, `locale`, `keywords`) VALUES
 ('77', 'field', '30', 'en_us', ' ralph '),
 ('77', 'field', '31', 'en_us', ' ralph jeffers '),
 ('77', 'field', '34', 'en_us', ' youth minister '),
 ('77', 'field', '32', 'en_us', ''),
 ('77', 'field', '33', 'en_us', ' ralph sulphurspringsumc com '),
 ('77', 'slug', '0', 'en_us', ''),
 ('78', 'field', '30', 'en_us', ' debbie '),
 ('78', 'field', '31', 'en_us', ' debbie suarez '),
 ('78', 'field', '34', 'en_us', ' administrative assistant '),
 ('78', 'field', '32', 'en_us', ''),
 ('78', 'field', '33', 'en_us', ' debbie sulphurspringsumc com '),
 ('78', 'slug', '0', 'en_us', ''),
 ('79', 'field', '30', 'en_us', ' ramona '),
 ('79', 'field', '31', 'en_us', ' ramona bird '),
 ('79', 'field', '34', 'en_us', ' music minister '),
 ('79', 'field', '32', 'en_us', ''),
 ('79', 'field', '33', 'en_us', ' ramona sulphurspringsumc com '),
 ('79', 'slug', '0', 'en_us', ''),
 ('80', 'field', '30', 'en_us', ' tammy '),
 ('80', 'field', '31', 'en_us', ' tammy knapp stanton '),
 ('80', 'field', '34', 'en_us', ' children s minister '),
 ('80', 'field', '32', 'en_us', ''),
 ('80', 'field', '33', 'en_us', ' tammy sulphurspringsumc com '),
 ('80', 'slug', '0', 'en_us', ''),
 ('81', 'field', '30', 'en_us', ' gwen '),
 ('81', 'field', '31', 'en_us', ' gwen collins '),
 ('81', 'field', '34', 'en_us', ' children s director '),
 ('81', 'field', '32', 'en_us', ''),
 ('81', 'field', '33', 'en_us', ' gwen sulphurspringsumc com '),
 ('81', 'slug', '0', 'en_us', ''),
 ('82', 'slug', '0', 'en_us', ' discover more '),
 ('82', 'title', '0', 'en_us', ' discover more '),
 ('83', 'field', '17', 'en_us', ' giving online is very safe and easy to use selecting the button below will redirect you to tithe ly to submit your donation '),
 ('83', 'slug', '0', 'en_us', ''),
 ('84', 'field', '13', 'en_us', ''),
 ('84', 'filename', '0', 'en_us', ' quilters jpg '),
 ('84', 'extension', '0', 'en_us', ' jpg '),
 ('84', 'kind', '0', 'en_us', ' image '),
 ('84', 'slug', '0', 'en_us', ' quilters '),
 ('84', 'title', '0', 'en_us', ' quilters '),
 ('41', 'field', '35', 'en_us', ' https tithe ly give c=129152 '),
 ('86', 'filename', '0', 'en_us', ' belong 4 jpg '),
 ('86', 'extension', '0', 'en_us', ' jpg '),
 ('86', 'kind', '0', 'en_us', ' image '),
 ('86', 'slug', '0', 'en_us', ' belong 4 '),
 ('86', 'title', '0', 'en_us', ' belong 4 '),
 ('112', 'kind', '0', 'en_us', ' image '),
 ('112', 'extension', '0', 'en_us', ' jpg '),
 ('112', 'filename', '0', 'en_us', ' people jpg '),
 ('88', 'filename', '0', 'en_us', ' belong1 jpeg '),
 ('88', 'extension', '0', 'en_us', ' jpeg '),
 ('88', 'kind', '0', 'en_us', ' image '),
 ('88', 'slug', '0', 'en_us', ' belong1 '),
 ('88', 'title', '0', 'en_us', ' belong1 '),
 ('89', 'filename', '0', 'en_us', ' bible 1 jpg '),
 ('89', 'extension', '0', 'en_us', ' jpg '),
 ('89', 'kind', '0', 'en_us', ' image '),
 ('89', 'slug', '0', 'en_us', ' bible 1 '),
 ('89', 'title', '0', 'en_us', ' bible 1 '),
 ('90', 'filename', '0', 'en_us', ' bible jpg '),
 ('90', 'extension', '0', 'en_us', ' jpg '),
 ('90', 'kind', '0', 'en_us', ' image '),
 ('90', 'slug', '0', 'en_us', ' bible '),
 ('90', 'title', '0', 'en_us', ' bible '),
 ('91', 'filename', '0', 'en_us', ' calendar jpg '),
 ('91', 'extension', '0', 'en_us', ' jpg '),
 ('91', 'kind', '0', 'en_us', ' image '),
 ('91', 'slug', '0', 'en_us', ' calendar '),
 ('91', 'title', '0', 'en_us', ' calendar '),
 ('92', 'filename', '0', 'en_us', ' children jpeg '),
 ('92', 'extension', '0', 'en_us', ' jpeg '),
 ('92', 'kind', '0', 'en_us', ' image '),
 ('92', 'slug', '0', 'en_us', ' children '),
 ('92', 'title', '0', 'en_us', ' children '),
 ('93', 'filename', '0', 'en_us', ' dsc_0097 jpg '),
 ('93', 'extension', '0', 'en_us', ' jpg '),
 ('93', 'kind', '0', 'en_us', ' image '),
 ('93', 'slug', '0', 'en_us', ' dsc 0097 '),
 ('93', 'title', '0', 'en_us', ' dsc 0097 '),
 ('94', 'filename', '0', 'en_us', ' event jpg '),
 ('94', 'extension', '0', 'en_us', ' jpg '),
 ('94', 'kind', '0', 'en_us', ' image '),
 ('94', 'slug', '0', 'en_us', ' event '),
 ('94', 'title', '0', 'en_us', ' event '),
 ('95', 'filename', '0', 'en_us', ' giving church slide jpg '),
 ('95', 'extension', '0', 'en_us', ' jpg '),
 ('95', 'kind', '0', 'en_us', ' image '),
 ('95', 'slug', '0', 'en_us', ' giving church slide '),
 ('95', 'title', '0', 'en_us', ' giving church slide '),
 ('96', 'filename', '0', 'en_us', ' missions 1 jpg '),
 ('96', 'extension', '0', 'en_us', ' jpg '),
 ('96', 'kind', '0', 'en_us', ' image '),
 ('96', 'slug', '0', 'en_us', ' missions 1 '),
 ('96', 'title', '0', 'en_us', ' missions 1 '),
 ('97', 'filename', '0', 'en_us', ' missions 2 jpg '),
 ('97', 'extension', '0', 'en_us', ' jpg '),
 ('97', 'kind', '0', 'en_us', ' image '),
 ('97', 'slug', '0', 'en_us', ' missions 2 '),
 ('97', 'title', '0', 'en_us', ' missions 2 '),
 ('98', 'filename', '0', 'en_us', ' missions3 jpeg ');
INSERT INTO `craft_searchindex` (`elementId`, `attribute`, `fieldId`, `locale`, `keywords`) VALUES
 ('98', 'extension', '0', 'en_us', ' jpeg '),
 ('98', 'kind', '0', 'en_us', ' image '),
 ('98', 'slug', '0', 'en_us', ' missions3 '),
 ('98', 'title', '0', 'en_us', ' missions3 '),
 ('99', 'filename', '0', 'en_us', ' packing sausage jpg '),
 ('99', 'extension', '0', 'en_us', ' jpg '),
 ('99', 'kind', '0', 'en_us', ' image '),
 ('99', 'slug', '0', 'en_us', ' packing sausage '),
 ('99', 'title', '0', 'en_us', ' packing sausage '),
 ('100', 'filename', '0', 'en_us', ' people jpg '),
 ('100', 'extension', '0', 'en_us', ' jpg '),
 ('100', 'kind', '0', 'en_us', ' image '),
 ('100', 'slug', '0', 'en_us', ' people '),
 ('100', 'title', '0', 'en_us', ' people '),
 ('101', 'filename', '0', 'en_us', ' pumpkins jpg '),
 ('101', 'extension', '0', 'en_us', ' jpg '),
 ('101', 'kind', '0', 'en_us', ' image '),
 ('101', 'slug', '0', 'en_us', ' pumpkins '),
 ('101', 'title', '0', 'en_us', ' pumpkins '),
 ('102', 'filename', '0', 'en_us', ' quilters jpg '),
 ('102', 'extension', '0', 'en_us', ' jpg '),
 ('102', 'kind', '0', 'en_us', ' image '),
 ('102', 'slug', '0', 'en_us', ' quilters '),
 ('102', 'title', '0', 'en_us', ' quilters '),
 ('103', 'filename', '0', 'en_us', ' rainbow jpg '),
 ('103', 'extension', '0', 'en_us', ' jpg '),
 ('103', 'kind', '0', 'en_us', ' image '),
 ('103', 'slug', '0', 'en_us', ' rainbow '),
 ('103', 'title', '0', 'en_us', ' rainbow '),
 ('104', 'filename', '0', 'en_us', ' resurrection jpg '),
 ('104', 'extension', '0', 'en_us', ' jpg '),
 ('104', 'kind', '0', 'en_us', ' image '),
 ('104', 'slug', '0', 'en_us', ' resurrection '),
 ('104', 'title', '0', 'en_us', ' resurrection '),
 ('105', 'filename', '0', 'en_us', ' sermon jpg '),
 ('105', 'extension', '0', 'en_us', ' jpg '),
 ('105', 'kind', '0', 'en_us', ' image '),
 ('105', 'slug', '0', 'en_us', ' sermon '),
 ('105', 'title', '0', 'en_us', ' sermon '),
 ('106', 'filename', '0', 'en_us', ' serve jpeg '),
 ('106', 'extension', '0', 'en_us', ' jpeg '),
 ('106', 'kind', '0', 'en_us', ' image '),
 ('106', 'slug', '0', 'en_us', ' serve '),
 ('106', 'title', '0', 'en_us', ' serve '),
 ('107', 'filename', '0', 'en_us', ' study jpeg '),
 ('107', 'extension', '0', 'en_us', ' jpeg '),
 ('107', 'kind', '0', 'en_us', ' image '),
 ('107', 'slug', '0', 'en_us', ' study '),
 ('107', 'title', '0', 'en_us', ' study '),
 ('108', 'filename', '0', 'en_us', ' study1 jpeg '),
 ('108', 'extension', '0', 'en_us', ' jpeg '),
 ('108', 'kind', '0', 'en_us', ' image '),
 ('108', 'slug', '0', 'en_us', ' study1 '),
 ('108', 'title', '0', 'en_us', ' study1 '),
 ('109', 'filename', '0', 'en_us', ' study2 jpeg '),
 ('109', 'extension', '0', 'en_us', ' jpeg '),
 ('109', 'kind', '0', 'en_us', ' image '),
 ('109', 'slug', '0', 'en_us', ' study2 '),
 ('109', 'title', '0', 'en_us', ' study2 '),
 ('110', 'filename', '0', 'en_us', ' teacher jpg '),
 ('110', 'extension', '0', 'en_us', ' jpg '),
 ('110', 'kind', '0', 'en_us', ' image '),
 ('110', 'slug', '0', 'en_us', ' teacher '),
 ('110', 'title', '0', 'en_us', ' teacher '),
 ('111', 'filename', '0', 'en_us', ' welcome jpeg '),
 ('111', 'extension', '0', 'en_us', ' jpeg '),
 ('111', 'kind', '0', 'en_us', ' image '),
 ('111', 'slug', '0', 'en_us', ' welcome '),
 ('111', 'title', '0', 'en_us', ' welcome '),
 ('112', 'slug', '0', 'en_us', ' people '),
 ('112', 'title', '0', 'en_us', ' people '),
 ('2', 'field', '36', 'en_us', ' people '),
 ('113', 'field', '6', 'en_us', ' loving one another '),
 ('113', 'field', '8', 'en_us', ''),
 ('113', 'slug', '0', 'en_us', ''),
 ('117', 'filename', '0', 'en_us', ' good good father mp3 '),
 ('117', 'kind', '0', 'en_us', ' audio '),
 ('117', 'slug', '0', 'en_us', ' good good father '),
 ('117', 'title', '0', 'en_us', ' good good father '),
 ('35', 'field', '35', 'en_us', ''),
 ('122', 'field', '22', 'en_us', ' prayerrequest '),
 ('121', 'field', '17', 'en_us', ' submit your requests here a more thorough paragraph could be added here '),
 ('121', 'slug', '0', 'en_us', ''),
 ('122', 'field', '23', 'en_us', ' cowens reachnative com '),
 ('122', 'slug', '0', 'en_us', ''),
 ('37', 'field', '35', 'en_us', ''),
 ('123', 'field', '22', 'en_us', ' contactus '),
 ('123', 'field', '23', 'en_us', ' owenscoreymac icloud com '),
 ('123', 'slug', '0', 'en_us', ''),
 ('82', 'field', '13', 'en_us', ''),
 ('31', 'field', '35', 'en_us', ''),
 ('124', 'field', '17', 'en_us', ' tradition innovationpeople have gathered in this place to worship god for the better part of two centuries and though times have changed since people gathered in open fields and under brush arbors for the first camp meetings held here our reverence in worship has remained constant throughout the years we gather for two worship services each sunday morning the day begins with a 9 00 am contemporary worship service in our community ministry center complete with multimedia features and praise band at 11 00 am we gather together to worship god in a more traditional way about two hundred years ago people worshiped god in the fields surrounding our church in the earliest camp meetings here and that was an innovative contemporary way of worship then we are grateful that we have been able to maintain the traditions that our ancestors in the faith began here and we pray that god will continue to lead us in new directions come worship with us soon '),
 ('124', 'slug', '0', 'en_us', ''),
 ('125', 'field', '13', 'en_us', ''),
 ('125', 'filename', '0', 'en_us', ' 1y3a7191 jpg '),
 ('125', 'extension', '0', 'en_us', ' jpg '),
 ('125', 'kind', '0', 'en_us', ' image '),
 ('125', 'slug', '0', 'en_us', ' 1 y3 a7191 '),
 ('125', 'title', '0', 'en_us', ' 1 y3 a7191 '),
 ('126', 'field', '13', 'en_us', '');
INSERT INTO `craft_searchindex` (`elementId`, `attribute`, `fieldId`, `locale`, `keywords`) VALUES
 ('126', 'filename', '0', 'en_us', ' 1y3a7225 jpg '),
 ('126', 'extension', '0', 'en_us', ' jpg '),
 ('126', 'kind', '0', 'en_us', ' image '),
 ('126', 'slug', '0', 'en_us', ' 1 y3 a7225 '),
 ('126', 'title', '0', 'en_us', ' 1 y3 a7225 '),
 ('127', 'field', '13', 'en_us', ''),
 ('127', 'filename', '0', 'en_us', ' worship jpg '),
 ('127', 'extension', '0', 'en_us', ' jpg '),
 ('127', 'kind', '0', 'en_us', ' image '),
 ('127', 'slug', '0', 'en_us', ' worship '),
 ('127', 'title', '0', 'en_us', ' worship '),
 ('135', 'title', '0', 'en_us', ' campshed '),
 ('135', 'slug', '0', 'en_us', ' campshed '),
 ('135', 'kind', '0', 'en_us', ' image '),
 ('135', 'field', '13', 'en_us', ''),
 ('135', 'filename', '0', 'en_us', ' campshed jpg '),
 ('135', 'extension', '0', 'en_us', ' jpg '),
 ('137', 'kind', '0', 'en_us', ' image '),
 ('137', 'extension', '0', 'en_us', ' jpeg '),
 ('137', 'filename', '0', 'en_us', ' children jpeg '),
 ('137', 'field', '13', 'en_us', ''),
 ('137', 'slug', '0', 'en_us', ' children '),
 ('137', 'title', '0', 'en_us', ' children '),
 ('138', 'field', '13', 'en_us', ''),
 ('138', 'filename', '0', 'en_us', ' children_cover jpg '),
 ('138', 'extension', '0', 'en_us', ' jpg '),
 ('138', 'kind', '0', 'en_us', ' image '),
 ('138', 'slug', '0', 'en_us', ' children cover '),
 ('138', 'title', '0', 'en_us', ' children cover '),
 ('28', 'field', '35', 'en_us', ''),
 ('139', 'field', '17', 'en_us', ' let the little children come to me and do not hinder them for to such belongs the kingdom of god we believe it we work constantly to find new ways to make the love of jesus christ real to the children of our community nursery care is offered for young children for almost every church event you can rest assured that there will always be a capable caring adult ready to care for your child during any of our worship services if you have questions about the availability of nursery care at any other event please contact us children s church is a special time of worship for children between three and eight years old with the help of loving adults the children learn the stories of the bible and begin to develop their own worship habits sunday school classes welcome children ages 2 and up click on link to the left for ages and location of all classes for children and youth on sunday evenings we have children s choir and youth choirpractice throughout the year we have fun sunday evening events like the annual easter egg hunt and trunks of treats our annual celebration of halloween throughout the week sulphur springs community childcare center provides daycare for children between ages three months and five years we offer a loving nurturing environment for children to develop their social skills together if you have questions about any of our children s ministries please contact us '),
 ('139', 'slug', '0', 'en_us', ''),
 ('140', 'field', '45', 'en_us', ' harvest festival '),
 ('140', 'field', '46', 'en_us', ' 2017 09 08 '),
 ('140', 'field', '47', 'en_us', ' 2017 09 10 '),
 ('140', 'field', '48', 'en_us', ' 2017 08 03 '),
 ('140', 'field', '49', 'en_us', ' 2017 08 03 '),
 ('140', 'field', '50', 'en_us', ' what is the harvest festival more information can be put here '),
 ('140', 'slug', '0', 'en_us', ' harvest festival '),
 ('140', 'title', '0', 'en_us', ' harvest festival '),
 ('116', 'field', '35', 'en_us', ''),
 ('116', 'field', '13', 'en_us', ' this is just a test paragraph add content to fill this page with something that is informative '),
 ('141', 'field', '17', 'en_us', ' this is just a test paragraph add content to fill this page with something that is informative '),
 ('141', 'slug', '0', 'en_us', ''),
 ('142', 'field', '45', 'en_us', ' another event '),
 ('142', 'field', '46', 'en_us', ' 2017 08 02 '),
 ('142', 'field', '47', 'en_us', ' 2017 08 02 '),
 ('142', 'field', '48', 'en_us', ''),
 ('142', 'field', '49', 'en_us', ''),
 ('142', 'field', '50', 'en_us', ''),
 ('142', 'slug', '0', 'en_us', ' another event '),
 ('142', 'title', '0', 'en_us', ' another event '),
 ('143', 'filename', '0', 'en_us', ' jesus mp3 '),
 ('143', 'extension', '0', 'en_us', ' mp3 '),
 ('143', 'kind', '0', 'en_us', ' audio '),
 ('143', 'slug', '0', 'en_us', ' jesus '),
 ('143', 'title', '0', 'en_us', ' jesus '),
 ('144', 'field', '51', 'en_us', ' testing sermon '),
 ('144', 'field', '52', 'en_us', ' 2017 08 06 '),
 ('144', 'field', '54', 'en_us', ''),
 ('144', 'field', '53', 'en_us', ' how great is your love live '),
 ('144', 'slug', '0', 'en_us', ' testing sermon '),
 ('144', 'title', '0', 'en_us', ' testing sermon '),
 ('145', 'filename', '0', 'en_us', ' glorious day mp3 '),
 ('145', 'extension', '0', 'en_us', ' mp3 '),
 ('145', 'kind', '0', 'en_us', ' audio '),
 ('145', 'slug', '0', 'en_us', ' glorious day '),
 ('145', 'title', '0', 'en_us', ' glorious day '),
 ('146', 'filename', '0', 'en_us', ' how great is your love live mp3 '),
 ('146', 'extension', '0', 'en_us', ' mp3 '),
 ('146', 'kind', '0', 'en_us', ' audio '),
 ('146', 'slug', '0', 'en_us', ' how great is your love live '),
 ('146', 'title', '0', 'en_us', ' how great is your love live '),
 ('147', 'field', '51', 'en_us', ' another sermon '),
 ('147', 'field', '52', 'en_us', ' 2017 08 13 '),
 ('147', 'field', '54', 'en_us', ''),
 ('147', 'field', '53', 'en_us', ''),
 ('147', 'slug', '0', 'en_us', ' another sermon '),
 ('147', 'title', '0', 'en_us', ' another sermon '),
 ('148', 'field', '55', 'en_us', ' 2017 pricing guide '),
 ('148', 'slug', '0', 'en_us', ''),
 ('149', 'filename', '0', 'en_us', ' 2017 pricing guide pdf '),
 ('149', 'extension', '0', 'en_us', ' pdf '),
 ('149', 'kind', '0', 'en_us', ' pdf '),
 ('149', 'slug', '0', 'en_us', ' 2017 pricing guide '),
 ('149', 'title', '0', 'en_us', ' 2017 pricing guide '),
 ('151', 'field', '57', 'en_us', ' 1 '),
 ('151', 'slug', '0', 'en_us', ''),
 ('142', 'field', '56', 'en_us', ''),
 ('140', 'field', '56', 'en_us', ' belong 3 ');



DROP TABLE IF EXISTS `craft_sections`;


--
-- Schema for table `craft_sections`
--
CREATE TABLE `craft_sections` (
  `id` int(11) NOT NULL AUTO_INCREMENT,
  `structureId` int(11) DEFAULT NULL,
  `name` varchar(255) COLLATE utf8_unicode_ci NOT NULL,
  `handle` varchar(255) COLLATE utf8_unicode_ci NOT NULL,
  `type` enum('single','channel','structure') COLLATE utf8_unicode_ci NOT NULL DEFAULT 'channel',
  `hasUrls` tinyint(1) unsigned NOT NULL DEFAULT '1',
  `template` varchar(500) COLLATE utf8_unicode_ci DEFAULT NULL,
  `enableVersioning` tinyint(1) unsigned NOT NULL DEFAULT '0',
  `dateCreated` datetime NOT NULL,
  `dateUpdated` datetime NOT NULL,
  `uid` char(36) COLLATE utf8_unicode_ci NOT NULL DEFAULT '0',
  PRIMARY KEY (`id`),
  UNIQUE KEY `craft_sections_name_unq_idx` (`name`),
  UNIQUE KEY `craft_sections_handle_unq_idx` (`handle`),
  KEY `craft_sections_structureId_fk` (`structureId`)
) ENGINE=InnoDB AUTO_INCREMENT=12 DEFAULT CHARSET=utf8 COLLATE=utf8_unicode_ci;

--
-- Data for table `craft_sections`
--

INSERT INTO `craft_sections` (`id`, `structureId`, `name`, `handle`, `type`, `hasUrls`, `template`, `enableVersioning`, `dateCreated`, `dateUpdated`, `uid`) VALUES
 ('1', NULL, 'Homepage', 'homepage', 'single', '1', 'index', '1', '2017-06-12 15:44:24', '2017-06-12 15:44:24', 'd3a30c12-0f87-4b3e-87eb-54e956bbcdda'),
 ('2', NULL, 'Sermons', 'sermons', 'channel', '1', 'sermons/_entry', '1', '2017-06-12 15:44:24', '2017-08-02 02:24:38', '79e962b7-c4ea-4fdb-8b93-6379aa0a4542'),
 ('7', '2', 'Menu', 'menu', 'structure', '1', 'inside/_entry', '1', '2017-06-14 18:19:46', '2017-07-20 20:16:27', 'ad06eafc-add8-45d8-a1c8-5821e3172b96'),
 ('8', '3', 'Events', 'events', 'structure', '1', 'events/_entry', '1', '2017-07-20 16:48:52', '2017-08-02 01:27:52', '58610910-aa04-4acf-89c2-3e7dd77d96eb'),
 ('9', NULL, 'Discover More', 'discoverMore', 'single', '1', 'discover/_entry', '1', '2017-07-25 17:11:12', '2017-07-27 17:00:30', 'e2616e4f-8306-4dc6-aceb-170d96f0704e'),
 ('10', NULL, 'Serve', 'serve', 'single', '1', 'serve/_entry', '1', '2017-07-27 02:35:42', '2017-07-27 02:35:42', '478791a7-66ca-4bc0-b9da-1e9a2bfbb41b'),
 ('11', NULL, 'Belong', 'belong', 'single', '1', 'belong/_entry', '1', '2017-07-27 02:44:08', '2017-07-27 02:44:08', '6da70f80-b7da-4dc3-b946-327d49ebae28');



DROP TABLE IF EXISTS `craft_sections_i18n`;


--
-- Schema for table `craft_sections_i18n`
--
CREATE TABLE `craft_sections_i18n` (
  `id` int(11) NOT NULL AUTO_INCREMENT,
  `sectionId` int(11) NOT NULL,
  `locale` char(12) COLLATE utf8_unicode_ci NOT NULL,
  `enabledByDefault` tinyint(1) unsigned NOT NULL DEFAULT '1',
  `urlFormat` text COLLATE utf8_unicode_ci,
  `nestedUrlFormat` text COLLATE utf8_unicode_ci,
  `dateCreated` datetime NOT NULL,
  `dateUpdated` datetime NOT NULL,
  `uid` char(36) COLLATE utf8_unicode_ci NOT NULL DEFAULT '0',
  PRIMARY KEY (`id`),
  UNIQUE KEY `craft_sections_i18n_sectionId_locale_unq_idx` (`sectionId`,`locale`),
  KEY `craft_sections_i18n_locale_fk` (`locale`)
) ENGINE=InnoDB AUTO_INCREMENT=12 DEFAULT CHARSET=utf8 COLLATE=utf8_unicode_ci;

--
-- Data for table `craft_sections_i18n`
--

INSERT INTO `craft_sections_i18n` (`id`, `sectionId`, `locale`, `enabledByDefault`, `urlFormat`, `nestedUrlFormat`, `dateCreated`, `dateUpdated`, `uid`) VALUES
 ('1', '1', 'en_us', '1', '__home__', NULL, '2017-06-12 15:44:24', '2017-06-12 15:44:24', '145a63df-f982-42e3-8e3e-40b02893762e'),
 ('2', '2', 'en_us', '1', 'sermons/{slug}', NULL, '2017-06-12 15:44:24', '2017-08-02 02:24:38', 'e757d066-555c-4457-b70b-763a679c95de'),
 ('7', '7', 'en_us', '1', '{slug}', '{parent.uri}/{slug}', '2017-06-14 18:19:46', '2017-07-20 20:16:27', '2c8bf7be-92f7-49da-a7e5-c3b3b79f6e8f'),
 ('8', '8', 'en_us', '1', 'events/{slug}', '{parent.uri}/{slug}', '2017-07-20 16:48:52', '2017-08-02 01:27:52', '26db75b3-565f-49a9-b458-ae1dac825a32'),
 ('9', '9', 'en_us', '1', 'discover', NULL, '2017-07-25 17:11:12', '2017-07-25 17:11:12', '326463b1-a5d7-4379-86ca-d90b0ff521d1'),
 ('10', '10', 'en_us', '1', 'serve', NULL, '2017-07-27 02:35:42', '2017-07-27 02:35:42', '82017fe7-ad61-4a57-8f8b-49ae623d277f'),
 ('11', '11', 'en_us', '1', 'belong', NULL, '2017-07-27 02:44:08', '2017-07-27 02:44:08', '36f76c20-a608-454a-a79e-f083bf79d147');



DROP TABLE IF EXISTS `craft_sessions`;


--
-- Schema for table `craft_sessions`
--
CREATE TABLE `craft_sessions` (
  `id` int(11) NOT NULL AUTO_INCREMENT,
  `userId` int(11) NOT NULL,
  `token` char(100) COLLATE utf8_unicode_ci NOT NULL,
  `dateCreated` datetime NOT NULL,
  `dateUpdated` datetime NOT NULL,
  `uid` char(36) COLLATE utf8_unicode_ci NOT NULL DEFAULT '0',
  PRIMARY KEY (`id`),
  KEY `craft_sessions_uid_idx` (`uid`),
  KEY `craft_sessions_token_idx` (`token`),
  KEY `craft_sessions_dateUpdated_idx` (`dateUpdated`),
  KEY `craft_sessions_userId_fk` (`userId`)
) ENGINE=InnoDB AUTO_INCREMENT=27 DEFAULT CHARSET=utf8 COLLATE=utf8_unicode_ci;

DROP TABLE IF EXISTS `craft_shunnedmessages`;


--
-- Schema for table `craft_shunnedmessages`
--
CREATE TABLE `craft_shunnedmessages` (
  `id` int(11) NOT NULL AUTO_INCREMENT,
  `userId` int(11) NOT NULL,
  `message` varchar(255) COLLATE utf8_unicode_ci NOT NULL,
  `expiryDate` datetime DEFAULT NULL,
  `dateCreated` datetime NOT NULL,
  `dateUpdated` datetime NOT NULL,
  `uid` char(36) COLLATE utf8_unicode_ci NOT NULL DEFAULT '0',
  PRIMARY KEY (`id`),
  UNIQUE KEY `craft_shunnedmessages_userId_message_unq_idx` (`userId`,`message`)
) ENGINE=InnoDB DEFAULT CHARSET=utf8 COLLATE=utf8_unicode_ci;

DROP TABLE IF EXISTS `craft_structureelements`;


--
-- Schema for table `craft_structureelements`
--
CREATE TABLE `craft_structureelements` (
  `id` int(11) NOT NULL AUTO_INCREMENT,
  `structureId` int(11) NOT NULL,
  `elementId` int(11) DEFAULT NULL,
  `root` int(11) unsigned DEFAULT NULL,
  `lft` int(11) unsigned NOT NULL,
  `rgt` int(11) unsigned NOT NULL,
  `level` smallint(6) unsigned NOT NULL,
  `dateCreated` datetime NOT NULL,
  `dateUpdated` datetime NOT NULL,
  `uid` char(36) COLLATE utf8_unicode_ci NOT NULL DEFAULT '0',
  PRIMARY KEY (`id`),
  UNIQUE KEY `craft_structureelements_structureId_elementId_unq_idx` (`structureId`,`elementId`),
  KEY `craft_structureelements_root_idx` (`root`),
  KEY `craft_structureelements_lft_idx` (`lft`),
  KEY `craft_structureelements_rgt_idx` (`rgt`),
  KEY `craft_structureelements_level_idx` (`level`),
  KEY `craft_structureelements_elementId_fk` (`elementId`)
) ENGINE=InnoDB AUTO_INCREMENT=31 DEFAULT CHARSET=utf8 COLLATE=utf8_unicode_ci;

--
-- Data for table `craft_structureelements`
--

INSERT INTO `craft_structureelements` (`id`, `structureId`, `elementId`, `root`, `lft`, `rgt`, `level`, `dateCreated`, `dateUpdated`, `uid`) VALUES
 ('1', '1', NULL, '1', '1', '2', '0', '2017-06-14 18:18:04', '2017-06-14 18:18:04', 'c0bc55bd-1304-47a5-9b77-682a737f88be'),
 ('3', '2', NULL, '3', '1', '46', '0', '2017-06-14 18:20:57', '2017-06-14 18:20:57', 'e87847b5-19d4-42e4-a3cb-93629a9bf3c0'),
 ('6', '2', '15', '3', '2', '11', '1', '2017-06-14 18:23:37', '2017-06-14 18:23:37', '86960423-d4f6-4592-b56a-9b16c9f3e1c2'),
 ('7', '2', '16', '3', '12', '21', '1', '2017-06-14 18:23:43', '2017-06-14 18:23:43', '777f6970-7270-4f13-b927-007b4727756c'),
 ('8', '2', '17', '3', '22', '29', '1', '2017-06-14 18:23:52', '2017-06-14 18:23:52', 'c35e4618-f834-4b39-8bd7-891434dda6d1'),
 ('9', '2', '18', '3', '30', '37', '1', '2017-06-14 18:24:00', '2017-06-14 18:24:00', 'fcb0b1fc-099a-4a10-b2fe-8b944ed26605'),
 ('10', '2', '19', '3', '3', '4', '2', '2017-06-14 18:24:28', '2017-06-14 18:24:28', '641f0131-96da-48e8-aad0-0bf8fea1154c'),
 ('11', '2', '20', '3', '5', '6', '2', '2017-06-14 18:24:43', '2017-06-14 18:24:43', 'ed5d558f-6499-457d-908a-97c4b1a340fa'),
 ('12', '2', '21', '3', '7', '8', '2', '2017-06-14 18:24:55', '2017-06-14 18:24:55', 'b60e209c-4189-4859-a23e-ee529699d6b2'),
 ('13', '2', '22', '3', '9', '10', '2', '2017-06-14 18:25:13', '2017-06-14 18:25:13', '37110c85-2368-461d-a7ef-13ae91707bd5'),
 ('14', '2', '28', '3', '13', '14', '2', '2017-07-07 15:56:59', '2017-07-07 15:56:59', 'de066bcc-4cb0-49a8-9834-ab3eac850877'),
 ('15', '2', '29', '3', '15', '16', '2', '2017-07-07 15:57:14', '2017-07-07 15:57:14', 'e1d44082-42df-4f68-90a7-d9ba8d596966'),
 ('16', '2', '30', '3', '17', '18', '2', '2017-07-07 15:57:46', '2017-07-07 15:57:46', '81f9e557-ff5a-4726-82fb-f70eb6a6fc17'),
 ('17', '2', '31', '3', '19', '20', '2', '2017-07-07 15:57:58', '2017-07-07 15:57:58', '6816e45a-08a3-49f9-b340-35520969bffa'),
 ('18', '2', '32', '3', '23', '24', '2', '2017-07-07 15:58:27', '2017-07-07 15:58:27', '8ea56f3d-2542-4223-8ea1-76210aa2eb93'),
 ('19', '2', '33', '3', '25', '26', '2', '2017-07-07 15:58:44', '2017-07-07 15:58:44', '60f32d0c-1d1e-4611-8cce-fcc3074493eb'),
 ('20', '2', '34', '3', '27', '28', '2', '2017-07-07 15:59:00', '2017-07-07 15:59:00', '5b474000-bad5-449e-b2d8-a156674043c1'),
 ('21', '2', '35', '3', '31', '32', '2', '2017-07-11 17:56:46', '2017-07-11 17:56:46', '4e57ef08-1151-4d14-8cf9-450bc99f9c41'),
 ('22', '2', '36', '3', '33', '34', '2', '2017-07-11 18:00:09', '2017-07-11 18:00:09', '762bc8fc-c521-424e-bbab-4456058c6e23'),
 ('23', '2', '37', '3', '35', '36', '2', '2017-07-11 18:00:26', '2017-07-11 18:00:26', 'f608d3f7-3cd0-4682-a0c2-20716f1687e4'),
 ('24', '2', '38', '3', '38', '45', '1', '2017-07-20 16:42:57', '2017-07-20 16:42:57', 'e5d434c6-003d-4ddc-a528-fdcc2e6e4149'),
 ('25', '2', '39', '3', '39', '40', '2', '2017-07-20 16:44:28', '2017-07-20 16:44:28', '01d1249b-984d-420b-87cc-f4effea71874'),
 ('26', '2', '40', '3', '41', '42', '2', '2017-07-20 16:44:48', '2017-07-20 16:44:48', '8bc0718c-9fc7-4d59-b1ea-3831e57677cd'),
 ('27', '2', '41', '3', '43', '44', '2', '2017-07-20 16:45:16', '2017-07-20 16:45:16', '3ca4faa6-6eed-4f59-bea7-409c645367f0'),
 ('28', '3', NULL, '28', '1', '6', '0', '2017-08-02 01:27:52', '2017-08-02 01:27:52', 'a27e4e3b-dc44-4bb3-8459-c976955bfe61'),
 ('29', '3', '140', '28', '2', '3', '1', '2017-08-02 01:27:52', '2017-08-02 01:27:52', 'f0f11a2a-cb1b-4119-a97b-dc3351ede5bd'),
 ('30', '3', '142', '28', '4', '5', '1', '2017-08-02 01:53:41', '2017-08-02 01:53:41', 'edfa9028-7085-4b1b-8a15-50caf3c503bd');



DROP TABLE IF EXISTS `craft_structures`;


--
-- Schema for table `craft_structures`
--
CREATE TABLE `craft_structures` (
  `id` int(11) NOT NULL AUTO_INCREMENT,
  `maxLevels` smallint(6) unsigned DEFAULT NULL,
  `dateCreated` datetime NOT NULL,
  `dateUpdated` datetime NOT NULL,
  `uid` char(36) COLLATE utf8_unicode_ci NOT NULL DEFAULT '0',
  PRIMARY KEY (`id`)
) ENGINE=InnoDB AUTO_INCREMENT=4 DEFAULT CHARSET=utf8 COLLATE=utf8_unicode_ci;

--
-- Data for table `craft_structures`
--

INSERT INTO `craft_structures` (`id`, `maxLevels`, `dateCreated`, `dateUpdated`, `uid`) VALUES
 ('1', NULL, '2017-06-14 18:16:34', '2017-06-14 18:16:34', '38568995-b187-4826-bc4f-25c729c43cc6'),
 ('2', '5', '2017-06-14 18:19:46', '2017-07-20 20:16:27', '03c39772-a9f0-48f0-89b3-0eb127a57174'),
 ('3', NULL, '2017-08-02 01:27:52', '2017-08-02 01:27:52', 'a32dcad9-fcb9-46d5-b3bf-f4eec877fc11');



DROP TABLE IF EXISTS `craft_systemsettings`;


--
-- Schema for table `craft_systemsettings`
--
CREATE TABLE `craft_systemsettings` (
  `id` int(11) NOT NULL AUTO_INCREMENT,
  `category` varchar(15) COLLATE utf8_unicode_ci NOT NULL,
  `settings` text COLLATE utf8_unicode_ci,
  `dateCreated` datetime NOT NULL,
  `dateUpdated` datetime NOT NULL,
  `uid` char(36) COLLATE utf8_unicode_ci NOT NULL DEFAULT '0',
  PRIMARY KEY (`id`),
  UNIQUE KEY `craft_systemsettings_category_unq_idx` (`category`)
) ENGINE=InnoDB AUTO_INCREMENT=2 DEFAULT CHARSET=utf8 COLLATE=utf8_unicode_ci;

--
-- Data for table `craft_systemsettings`
--

INSERT INTO `craft_systemsettings` (`id`, `category`, `settings`, `dateCreated`, `dateUpdated`, `uid`) VALUES
 ('1', 'email', '{\"protocol\":\"php\",\"emailAddress\":\"cowens@reachnative.com\",\"senderName\":\"Sulphur Springs United Methodist Church\"}', '2017-06-12 15:44:24', '2017-06-12 15:44:24', '6688bb54-cd22-4aa5-8392-5b1360e3de33');



DROP TABLE IF EXISTS `craft_taggroups`;


--
-- Schema for table `craft_taggroups`
--
CREATE TABLE `craft_taggroups` (
  `id` int(11) NOT NULL AUTO_INCREMENT,
  `name` varchar(255) COLLATE utf8_unicode_ci NOT NULL,
  `handle` varchar(255) COLLATE utf8_unicode_ci NOT NULL,
  `fieldLayoutId` int(10) DEFAULT NULL,
  `dateCreated` datetime NOT NULL,
  `dateUpdated` datetime NOT NULL,
  `uid` char(36) COLLATE utf8_unicode_ci NOT NULL DEFAULT '0',
  PRIMARY KEY (`id`),
  UNIQUE KEY `craft_taggroups_name_unq_idx` (`name`),
  UNIQUE KEY `craft_taggroups_handle_unq_idx` (`handle`),
  KEY `craft_taggroups_fieldLayoutId_fk` (`fieldLayoutId`)
) ENGINE=InnoDB AUTO_INCREMENT=2 DEFAULT CHARSET=utf8 COLLATE=utf8_unicode_ci;

--
-- Data for table `craft_taggroups`
--

INSERT INTO `craft_taggroups` (`id`, `name`, `handle`, `fieldLayoutId`, `dateCreated`, `dateUpdated`, `uid`) VALUES
 ('1', 'Default', 'default', '1', '2017-06-12 15:44:24', '2017-06-12 15:44:24', 'ca328776-eb43-491d-bb46-f3f1c9dc1ff5');



DROP TABLE IF EXISTS `craft_tags`;


--
-- Schema for table `craft_tags`
--
CREATE TABLE `craft_tags` (
  `id` int(11) NOT NULL,
  `groupId` int(11) NOT NULL,
  `dateCreated` datetime NOT NULL,
  `dateUpdated` datetime NOT NULL,
  `uid` char(36) COLLATE utf8_unicode_ci NOT NULL DEFAULT '0',
  PRIMARY KEY (`id`),
  KEY `craft_tags_groupId_fk` (`groupId`)
) ENGINE=InnoDB DEFAULT CHARSET=utf8 COLLATE=utf8_unicode_ci;

DROP TABLE IF EXISTS `craft_tasks`;


--
-- Schema for table `craft_tasks`
--
CREATE TABLE `craft_tasks` (
  `id` int(11) NOT NULL AUTO_INCREMENT,
  `root` int(11) unsigned DEFAULT NULL,
  `lft` int(11) unsigned NOT NULL,
  `rgt` int(11) unsigned NOT NULL,
  `level` smallint(6) unsigned NOT NULL,
  `currentStep` int(11) unsigned DEFAULT NULL,
  `totalSteps` int(11) unsigned DEFAULT NULL,
  `status` enum('pending','error','running') COLLATE utf8_unicode_ci DEFAULT NULL,
  `type` varchar(150) COLLATE utf8_unicode_ci NOT NULL,
  `description` varchar(255) COLLATE utf8_unicode_ci DEFAULT NULL,
  `settings` mediumtext COLLATE utf8_unicode_ci,
  `dateCreated` datetime NOT NULL,
  `dateUpdated` datetime NOT NULL,
  `uid` char(36) COLLATE utf8_unicode_ci NOT NULL DEFAULT '0',
  PRIMARY KEY (`id`),
  KEY `craft_tasks_root_idx` (`root`),
  KEY `craft_tasks_lft_idx` (`lft`),
  KEY `craft_tasks_rgt_idx` (`rgt`),
  KEY `craft_tasks_level_idx` (`level`)
) ENGINE=InnoDB AUTO_INCREMENT=45 DEFAULT CHARSET=utf8 COLLATE=utf8_unicode_ci;

DROP TABLE IF EXISTS `craft_templatecachecriteria`;


--
-- Schema for table `craft_templatecachecriteria`
--
CREATE TABLE `craft_templatecachecriteria` (
  `id` int(11) NOT NULL AUTO_INCREMENT,
  `cacheId` int(11) NOT NULL,
  `type` varchar(150) COLLATE utf8_unicode_ci NOT NULL,
  `criteria` text COLLATE utf8_unicode_ci NOT NULL,
  PRIMARY KEY (`id`),
  KEY `craft_templatecachecriteria_cacheId_fk` (`cacheId`),
  KEY `craft_templatecachecriteria_type_idx` (`type`)
) ENGINE=InnoDB DEFAULT CHARSET=utf8 COLLATE=utf8_unicode_ci;

DROP TABLE IF EXISTS `craft_templatecacheelements`;


--
-- Schema for table `craft_templatecacheelements`
--
CREATE TABLE `craft_templatecacheelements` (
  `cacheId` int(11) NOT NULL,
  `elementId` int(11) NOT NULL,
  KEY `craft_templatecacheelements_cacheId_fk` (`cacheId`),
  KEY `craft_templatecacheelements_elementId_fk` (`elementId`)
) ENGINE=InnoDB DEFAULT CHARSET=utf8 COLLATE=utf8_unicode_ci;

DROP TABLE IF EXISTS `craft_templatecaches`;


--
-- Schema for table `craft_templatecaches`
--
CREATE TABLE `craft_templatecaches` (
  `id` int(11) NOT NULL AUTO_INCREMENT,
  `cacheKey` varchar(255) COLLATE utf8_unicode_ci NOT NULL,
  `locale` char(12) COLLATE utf8_unicode_ci NOT NULL,
  `path` varchar(255) COLLATE utf8_unicode_ci DEFAULT NULL,
  `expiryDate` datetime NOT NULL,
  `body` mediumtext COLLATE utf8_unicode_ci NOT NULL,
  PRIMARY KEY (`id`),
  KEY `craft_templatecaches_expiryDate_cacheKey_locale_path_idx` (`expiryDate`,`cacheKey`,`locale`,`path`),
  KEY `craft_templatecaches_locale_fk` (`locale`)
) ENGINE=InnoDB DEFAULT CHARSET=utf8 COLLATE=utf8_unicode_ci;

DROP TABLE IF EXISTS `craft_tokens`;


--
-- Schema for table `craft_tokens`
--
CREATE TABLE `craft_tokens` (
  `id` int(11) NOT NULL AUTO_INCREMENT,
  `token` char(32) COLLATE utf8_unicode_ci NOT NULL,
  `route` text COLLATE utf8_unicode_ci,
  `usageLimit` tinyint(3) unsigned DEFAULT NULL,
  `usageCount` tinyint(3) unsigned DEFAULT NULL,
  `expiryDate` datetime NOT NULL,
  `dateCreated` datetime NOT NULL,
  `dateUpdated` datetime NOT NULL,
  `uid` char(36) COLLATE utf8_unicode_ci NOT NULL DEFAULT '0',
  PRIMARY KEY (`id`),
  UNIQUE KEY `craft_tokens_token_unq_idx` (`token`),
  KEY `craft_tokens_expiryDate_idx` (`expiryDate`)
) ENGINE=InnoDB DEFAULT CHARSET=utf8 COLLATE=utf8_unicode_ci;

DROP TABLE IF EXISTS `craft_usergroups`;


--
-- Schema for table `craft_usergroups`
--
CREATE TABLE `craft_usergroups` (
  `id` int(11) NOT NULL AUTO_INCREMENT,
  `name` varchar(255) COLLATE utf8_unicode_ci NOT NULL,
  `handle` varchar(255) COLLATE utf8_unicode_ci NOT NULL,
  `dateCreated` datetime NOT NULL,
  `dateUpdated` datetime NOT NULL,
  `uid` char(36) COLLATE utf8_unicode_ci NOT NULL DEFAULT '0',
  PRIMARY KEY (`id`),
  UNIQUE KEY `craft_usergroups_name_unq_idx` (`name`),
  UNIQUE KEY `craft_usergroups_handle_unq_idx` (`handle`)
) ENGINE=InnoDB DEFAULT CHARSET=utf8 COLLATE=utf8_unicode_ci;

DROP TABLE IF EXISTS `craft_usergroups_users`;


--
-- Schema for table `craft_usergroups_users`
--
CREATE TABLE `craft_usergroups_users` (
  `id` int(11) NOT NULL AUTO_INCREMENT,
  `groupId` int(11) NOT NULL,
  `userId` int(11) NOT NULL,
  `dateCreated` datetime NOT NULL,
  `dateUpdated` datetime NOT NULL,
  `uid` char(36) COLLATE utf8_unicode_ci NOT NULL DEFAULT '0',
  PRIMARY KEY (`id`),
  UNIQUE KEY `craft_usergroups_users_groupId_userId_unq_idx` (`groupId`,`userId`),
  KEY `craft_usergroups_users_userId_fk` (`userId`)
) ENGINE=InnoDB DEFAULT CHARSET=utf8 COLLATE=utf8_unicode_ci;

DROP TABLE IF EXISTS `craft_userpermissions`;


--
-- Schema for table `craft_userpermissions`
--
CREATE TABLE `craft_userpermissions` (
  `id` int(11) NOT NULL AUTO_INCREMENT,
  `name` varchar(255) COLLATE utf8_unicode_ci NOT NULL,
  `dateCreated` datetime NOT NULL,
  `dateUpdated` datetime NOT NULL,
  `uid` char(36) COLLATE utf8_unicode_ci NOT NULL DEFAULT '0',
  PRIMARY KEY (`id`),
  UNIQUE KEY `craft_userpermissions_name_unq_idx` (`name`)
) ENGINE=InnoDB DEFAULT CHARSET=utf8 COLLATE=utf8_unicode_ci;

DROP TABLE IF EXISTS `craft_userpermissions_usergroups`;


--
-- Schema for table `craft_userpermissions_usergroups`
--
CREATE TABLE `craft_userpermissions_usergroups` (
  `id` int(11) NOT NULL AUTO_INCREMENT,
  `permissionId` int(11) NOT NULL,
  `groupId` int(11) NOT NULL,
  `dateCreated` datetime NOT NULL,
  `dateUpdated` datetime NOT NULL,
  `uid` char(36) COLLATE utf8_unicode_ci NOT NULL DEFAULT '0',
  PRIMARY KEY (`id`),
  UNIQUE KEY `craft_userpermissions_usergroups_permissionId_groupId_unq_idx` (`permissionId`,`groupId`),
  KEY `craft_userpermissions_usergroups_groupId_fk` (`groupId`)
) ENGINE=InnoDB DEFAULT CHARSET=utf8 COLLATE=utf8_unicode_ci;

DROP TABLE IF EXISTS `craft_userpermissions_users`;


--
-- Schema for table `craft_userpermissions_users`
--
CREATE TABLE `craft_userpermissions_users` (
  `id` int(11) NOT NULL AUTO_INCREMENT,
  `permissionId` int(11) NOT NULL,
  `userId` int(11) NOT NULL,
  `dateCreated` datetime NOT NULL,
  `dateUpdated` datetime NOT NULL,
  `uid` char(36) COLLATE utf8_unicode_ci NOT NULL DEFAULT '0',
  PRIMARY KEY (`id`),
  UNIQUE KEY `craft_userpermissions_users_permissionId_userId_unq_idx` (`permissionId`,`userId`),
  KEY `craft_userpermissions_users_userId_fk` (`userId`)
) ENGINE=InnoDB DEFAULT CHARSET=utf8 COLLATE=utf8_unicode_ci;

DROP TABLE IF EXISTS `craft_users`;


--
-- Schema for table `craft_users`
--
CREATE TABLE `craft_users` (
  `id` int(11) NOT NULL,
  `username` varchar(100) COLLATE utf8_unicode_ci NOT NULL,
  `photo` varchar(100) COLLATE utf8_unicode_ci DEFAULT NULL,
  `firstName` varchar(100) COLLATE utf8_unicode_ci DEFAULT NULL,
  `lastName` varchar(100) COLLATE utf8_unicode_ci DEFAULT NULL,
  `email` varchar(255) COLLATE utf8_unicode_ci NOT NULL,
  `password` char(255) COLLATE utf8_unicode_ci DEFAULT NULL,
  `preferredLocale` char(12) COLLATE utf8_unicode_ci DEFAULT NULL,
  `weekStartDay` tinyint(1) unsigned NOT NULL DEFAULT '0',
  `admin` tinyint(1) unsigned NOT NULL DEFAULT '0',
  `client` tinyint(1) unsigned NOT NULL DEFAULT '0',
  `locked` tinyint(1) unsigned NOT NULL DEFAULT '0',
  `suspended` tinyint(1) unsigned NOT NULL DEFAULT '0',
  `pending` tinyint(1) unsigned NOT NULL DEFAULT '0',
  `archived` tinyint(1) unsigned NOT NULL DEFAULT '0',
  `lastLoginDate` datetime DEFAULT NULL,
  `lastLoginAttemptIPAddress` varchar(45) COLLATE utf8_unicode_ci DEFAULT NULL,
  `invalidLoginWindowStart` datetime DEFAULT NULL,
  `invalidLoginCount` tinyint(4) unsigned DEFAULT NULL,
  `lastInvalidLoginDate` datetime DEFAULT NULL,
  `lockoutDate` datetime DEFAULT NULL,
  `verificationCode` char(100) COLLATE utf8_unicode_ci DEFAULT NULL,
  `verificationCodeIssuedDate` datetime DEFAULT NULL,
  `unverifiedEmail` varchar(255) COLLATE utf8_unicode_ci DEFAULT NULL,
  `passwordResetRequired` tinyint(1) unsigned NOT NULL DEFAULT '0',
  `lastPasswordChangeDate` datetime DEFAULT NULL,
  `dateCreated` datetime NOT NULL,
  `dateUpdated` datetime NOT NULL,
  `uid` char(36) COLLATE utf8_unicode_ci NOT NULL DEFAULT '0',
  PRIMARY KEY (`id`),
  UNIQUE KEY `craft_users_username_unq_idx` (`username`),
  UNIQUE KEY `craft_users_email_unq_idx` (`email`),
  KEY `craft_users_verificationCode_idx` (`verificationCode`),
  KEY `craft_users_uid_idx` (`uid`),
  KEY `craft_users_preferredLocale_fk` (`preferredLocale`)
) ENGINE=InnoDB DEFAULT CHARSET=utf8 COLLATE=utf8_unicode_ci;

--
-- Data for table `craft_users`
--

INSERT INTO `craft_users` (`id`, `username`, `photo`, `firstName`, `lastName`, `email`, `password`, `preferredLocale`, `weekStartDay`, `admin`, `client`, `locked`, `suspended`, `pending`, `archived`, `lastLoginDate`, `lastLoginAttemptIPAddress`, `invalidLoginWindowStart`, `invalidLoginCount`, `lastInvalidLoginDate`, `lockoutDate`, `verificationCode`, `verificationCodeIssuedDate`, `unverifiedEmail`, `passwordResetRequired`, `lastPasswordChangeDate`, `dateCreated`, `dateUpdated`, `uid`) VALUES
 ('1', 'reachnative', 'fb_reachnative.jpg', 'Corey', 'Owens', 'cowens@reachnative.com', '$2y$13$RG0PQAfz5gHYaJLCRQUAnebhqZvRsNHsKPahF7hosHz7N0shkr6xK', NULL, '0', '1', '0', '0', '0', '0', '0', '2017-08-04 15:44:53', '::1', NULL, NULL, '2017-07-28 04:42:44', NULL, NULL, NULL, NULL, '0', '2017-06-12 15:44:19', '2017-06-12 15:44:19', '2017-08-04 15:44:53', '0ae51a26-5502-400e-a700-f48856fb224a'),
 ('2', 'ssumc', NULL, 'Debbie', 'Suarez', 'owenscoreymac@icloud.com', 'YZSesd75!', NULL, '0', '1', '0', '0', '0', '0', '0', NULL, NULL, NULL, NULL, NULL, NULL, NULL, NULL, NULL, '0', NULL, '0000-00-00 00:00:00', '0000-00-00 00:00:00', '0');



DROP TABLE IF EXISTS `craft_widgets`;


--
-- Schema for table `craft_widgets`
--
CREATE TABLE `craft_widgets` (
  `id` int(11) NOT NULL AUTO_INCREMENT,
  `userId` int(11) NOT NULL,
  `type` varchar(150) COLLATE utf8_unicode_ci NOT NULL,
  `sortOrder` smallint(6) unsigned DEFAULT NULL,
  `colspan` tinyint(4) unsigned DEFAULT NULL,
  `settings` text COLLATE utf8_unicode_ci,
  `enabled` tinyint(1) unsigned NOT NULL DEFAULT '1',
  `dateCreated` datetime NOT NULL,
  `dateUpdated` datetime NOT NULL,
  `uid` char(36) COLLATE utf8_unicode_ci NOT NULL DEFAULT '0',
  PRIMARY KEY (`id`),
  KEY `craft_widgets_userId_fk` (`userId`)
) ENGINE=InnoDB AUTO_INCREMENT=5 DEFAULT CHARSET=utf8 COLLATE=utf8_unicode_ci;

--
-- Data for table `craft_widgets`
--

INSERT INTO `craft_widgets` (`id`, `userId`, `type`, `sortOrder`, `colspan`, `settings`, `enabled`, `dateCreated`, `dateUpdated`, `uid`) VALUES
 ('1', '1', 'RecentEntries', '1', NULL, NULL, '1', '2017-06-12 15:44:28', '2017-06-12 15:44:28', '75375cf1-a7fd-403c-b5f5-07a9c34b2ada'),
 ('2', '1', 'GetHelp', '2', NULL, NULL, '1', '2017-06-12 15:44:28', '2017-06-12 15:44:28', 'a5de123f-00a3-4104-a01c-23187bcdbdb0'),
 ('3', '1', 'Updates', '3', NULL, NULL, '1', '2017-06-12 15:44:28', '2017-06-12 15:44:28', 'b2fcb05b-2578-435a-b05c-2dba7c764291'),
 ('4', '1', 'Feed', '4', NULL, '{\"url\":\"https:\\/\\/craftcms.com\\/news.rss\",\"title\":\"Craft News\"}', '1', '2017-06-12 15:44:28', '2017-06-12 15:44:28', '95d34382-d03c-40fb-82c0-f5c0a4104485');


--
-- Constraints for tables
--


--
-- Constraints for table `craft_assetfiles`
--
ALTER TABLE `craft_assetfiles`
	ADD CONSTRAINT `craft_assetfiles_folderId_fk` FOREIGN KEY (`folderId`) REFERENCES `craft_assetfolders` (`id`) ON DELETE CASCADE,
	ADD CONSTRAINT `craft_assetfiles_id_fk` FOREIGN KEY (`id`) REFERENCES `craft_elements` (`id`) ON DELETE CASCADE,
	ADD CONSTRAINT `craft_assetfiles_sourceId_fk` FOREIGN KEY (`sourceId`) REFERENCES `craft_assetsources` (`id`) ON DELETE CASCADE;

--
-- Constraints for table `craft_assetfolders`
--
ALTER TABLE `craft_assetfolders`
	ADD CONSTRAINT `craft_assetfolders_parentId_fk` FOREIGN KEY (`parentId`) REFERENCES `craft_assetfolders` (`id`) ON DELETE CASCADE,
	ADD CONSTRAINT `craft_assetfolders_sourceId_fk` FOREIGN KEY (`sourceId`) REFERENCES `craft_assetsources` (`id`) ON DELETE CASCADE;

--
-- Constraints for table `craft_assetindexdata`
--
ALTER TABLE `craft_assetindexdata`
	ADD CONSTRAINT `craft_assetindexdata_sourceId_fk` FOREIGN KEY (`sourceId`) REFERENCES `craft_assetsources` (`id`) ON DELETE CASCADE;

--
-- Constraints for table `craft_assetsources`
--
ALTER TABLE `craft_assetsources`
	ADD CONSTRAINT `craft_assetsources_fieldLayoutId_fk` FOREIGN KEY (`fieldLayoutId`) REFERENCES `craft_fieldlayouts` (`id`) ON DELETE SET NULL;

--
-- Constraints for table `craft_categories`
--
ALTER TABLE `craft_categories`
	ADD CONSTRAINT `craft_categories_groupId_fk` FOREIGN KEY (`groupId`) REFERENCES `craft_categorygroups` (`id`) ON DELETE CASCADE,
	ADD CONSTRAINT `craft_categories_id_fk` FOREIGN KEY (`id`) REFERENCES `craft_elements` (`id`) ON DELETE CASCADE;

--
-- Constraints for table `craft_categorygroups`
--
ALTER TABLE `craft_categorygroups`
	ADD CONSTRAINT `craft_categorygroups_fieldLayoutId_fk` FOREIGN KEY (`fieldLayoutId`) REFERENCES `craft_fieldlayouts` (`id`) ON DELETE SET NULL,
	ADD CONSTRAINT `craft_categorygroups_structureId_fk` FOREIGN KEY (`structureId`) REFERENCES `craft_structures` (`id`) ON DELETE CASCADE;

--
-- Constraints for table `craft_categorygroups_i18n`
--
ALTER TABLE `craft_categorygroups_i18n`
	ADD CONSTRAINT `craft_categorygroups_i18n_groupId_fk` FOREIGN KEY (`groupId`) REFERENCES `craft_categorygroups` (`id`) ON DELETE CASCADE,
	ADD CONSTRAINT `craft_categorygroups_i18n_locale_fk` FOREIGN KEY (`locale`) REFERENCES `craft_locales` (`locale`) ON DELETE CASCADE ON UPDATE CASCADE;

--
-- Constraints for table `craft_content`
--
ALTER TABLE `craft_content`
	ADD CONSTRAINT `craft_content_elementId_fk` FOREIGN KEY (`elementId`) REFERENCES `craft_elements` (`id`) ON DELETE CASCADE,
	ADD CONSTRAINT `craft_content_locale_fk` FOREIGN KEY (`locale`) REFERENCES `craft_locales` (`locale`) ON DELETE CASCADE ON UPDATE CASCADE;

--
-- Constraints for table `craft_elements_i18n`
--
ALTER TABLE `craft_elements_i18n`
	ADD CONSTRAINT `craft_elements_i18n_elementId_fk` FOREIGN KEY (`elementId`) REFERENCES `craft_elements` (`id`) ON DELETE CASCADE,
	ADD CONSTRAINT `craft_elements_i18n_locale_fk` FOREIGN KEY (`locale`) REFERENCES `craft_locales` (`locale`) ON DELETE CASCADE ON UPDATE CASCADE;

--
-- Constraints for table `craft_emailmessages`
--
ALTER TABLE `craft_emailmessages`
	ADD CONSTRAINT `craft_emailmessages_locale_fk` FOREIGN KEY (`locale`) REFERENCES `craft_locales` (`locale`) ON DELETE CASCADE ON UPDATE CASCADE;

--
-- Constraints for table `craft_entries`
--
ALTER TABLE `craft_entries`
	ADD CONSTRAINT `craft_entries_authorId_fk` FOREIGN KEY (`authorId`) REFERENCES `craft_users` (`id`) ON DELETE CASCADE,
	ADD CONSTRAINT `craft_entries_id_fk` FOREIGN KEY (`id`) REFERENCES `craft_elements` (`id`) ON DELETE CASCADE,
	ADD CONSTRAINT `craft_entries_sectionId_fk` FOREIGN KEY (`sectionId`) REFERENCES `craft_sections` (`id`) ON DELETE CASCADE,
	ADD CONSTRAINT `craft_entries_typeId_fk` FOREIGN KEY (`typeId`) REFERENCES `craft_entrytypes` (`id`) ON DELETE CASCADE;

--
-- Constraints for table `craft_entrydrafts`
--
ALTER TABLE `craft_entrydrafts`
	ADD CONSTRAINT `craft_entrydrafts_creatorId_fk` FOREIGN KEY (`creatorId`) REFERENCES `craft_users` (`id`) ON DELETE CASCADE,
	ADD CONSTRAINT `craft_entrydrafts_entryId_fk` FOREIGN KEY (`entryId`) REFERENCES `craft_entries` (`id`) ON DELETE CASCADE,
	ADD CONSTRAINT `craft_entrydrafts_locale_fk` FOREIGN KEY (`locale`) REFERENCES `craft_locales` (`locale`) ON DELETE CASCADE ON UPDATE CASCADE,
	ADD CONSTRAINT `craft_entrydrafts_sectionId_fk` FOREIGN KEY (`sectionId`) REFERENCES `craft_sections` (`id`) ON DELETE CASCADE;

--
-- Constraints for table `craft_entrytypes`
--
ALTER TABLE `craft_entrytypes`
	ADD CONSTRAINT `craft_entrytypes_fieldLayoutId_fk` FOREIGN KEY (`fieldLayoutId`) REFERENCES `craft_fieldlayouts` (`id`) ON DELETE SET NULL,
	ADD CONSTRAINT `craft_entrytypes_sectionId_fk` FOREIGN KEY (`sectionId`) REFERENCES `craft_sections` (`id`) ON DELETE CASCADE;

--
-- Constraints for table `craft_entryversions`
--
ALTER TABLE `craft_entryversions`
	ADD CONSTRAINT `craft_entryversions_creatorId_fk` FOREIGN KEY (`creatorId`) REFERENCES `craft_users` (`id`) ON DELETE SET NULL,
	ADD CONSTRAINT `craft_entryversions_entryId_fk` FOREIGN KEY (`entryId`) REFERENCES `craft_entries` (`id`) ON DELETE CASCADE,
	ADD CONSTRAINT `craft_entryversions_locale_fk` FOREIGN KEY (`locale`) REFERENCES `craft_locales` (`locale`) ON DELETE CASCADE ON UPDATE CASCADE,
	ADD CONSTRAINT `craft_entryversions_sectionId_fk` FOREIGN KEY (`sectionId`) REFERENCES `craft_sections` (`id`) ON DELETE CASCADE;

--
-- Constraints for table `craft_fieldlayoutfields`
--
ALTER TABLE `craft_fieldlayoutfields`
	ADD CONSTRAINT `craft_fieldlayoutfields_fieldId_fk` FOREIGN KEY (`fieldId`) REFERENCES `craft_fields` (`id`) ON DELETE CASCADE,
	ADD CONSTRAINT `craft_fieldlayoutfields_layoutId_fk` FOREIGN KEY (`layoutId`) REFERENCES `craft_fieldlayouts` (`id`) ON DELETE CASCADE,
	ADD CONSTRAINT `craft_fieldlayoutfields_tabId_fk` FOREIGN KEY (`tabId`) REFERENCES `craft_fieldlayouttabs` (`id`) ON DELETE CASCADE;

--
-- Constraints for table `craft_fieldlayouttabs`
--
ALTER TABLE `craft_fieldlayouttabs`
	ADD CONSTRAINT `craft_fieldlayouttabs_layoutId_fk` FOREIGN KEY (`layoutId`) REFERENCES `craft_fieldlayouts` (`id`) ON DELETE CASCADE;

--
-- Constraints for table `craft_fields`
--
ALTER TABLE `craft_fields`
	ADD CONSTRAINT `craft_fields_groupId_fk` FOREIGN KEY (`groupId`) REFERENCES `craft_fieldgroups` (`id`) ON DELETE CASCADE;

--
-- Constraints for table `craft_globalsets`
--
ALTER TABLE `craft_globalsets`
	ADD CONSTRAINT `craft_globalsets_fieldLayoutId_fk` FOREIGN KEY (`fieldLayoutId`) REFERENCES `craft_fieldlayouts` (`id`) ON DELETE SET NULL,
	ADD CONSTRAINT `craft_globalsets_id_fk` FOREIGN KEY (`id`) REFERENCES `craft_elements` (`id`) ON DELETE CASCADE;

--
-- Constraints for table `craft_matrixblocks`
--
ALTER TABLE `craft_matrixblocks`
	ADD CONSTRAINT `craft_matrixblocks_fieldId_fk` FOREIGN KEY (`fieldId`) REFERENCES `craft_fields` (`id`) ON DELETE CASCADE,
	ADD CONSTRAINT `craft_matrixblocks_id_fk` FOREIGN KEY (`id`) REFERENCES `craft_elements` (`id`) ON DELETE CASCADE,
	ADD CONSTRAINT `craft_matrixblocks_ownerId_fk` FOREIGN KEY (`ownerId`) REFERENCES `craft_elements` (`id`) ON DELETE CASCADE,
	ADD CONSTRAINT `craft_matrixblocks_ownerLocale_fk` FOREIGN KEY (`ownerLocale`) REFERENCES `craft_locales` (`locale`) ON DELETE CASCADE ON UPDATE CASCADE,
	ADD CONSTRAINT `craft_matrixblocks_typeId_fk` FOREIGN KEY (`typeId`) REFERENCES `craft_matrixblocktypes` (`id`) ON DELETE CASCADE;

--
-- Constraints for table `craft_matrixblocktypes`
--
ALTER TABLE `craft_matrixblocktypes`
	ADD CONSTRAINT `craft_matrixblocktypes_fieldId_fk` FOREIGN KEY (`fieldId`) REFERENCES `craft_fields` (`id`) ON DELETE CASCADE,
	ADD CONSTRAINT `craft_matrixblocktypes_fieldLayoutId_fk` FOREIGN KEY (`fieldLayoutId`) REFERENCES `craft_fieldlayouts` (`id`) ON DELETE SET NULL;

--
-- Constraints for table `craft_matrixcontent_homepageslider`
--
ALTER TABLE `craft_matrixcontent_homepageslider`
	ADD CONSTRAINT `craft_matrixcontent_homepageslider_elementId_fk` FOREIGN KEY (`elementId`) REFERENCES `craft_elements` (`id`) ON DELETE CASCADE,
	ADD CONSTRAINT `craft_matrixcontent_homepageslider_locale_fk` FOREIGN KEY (`locale`) REFERENCES `craft_locales` (`locale`) ON DELETE CASCADE ON UPDATE CASCADE;

--
-- Constraints for table `craft_matrixcontent_insidepageelements`
--
ALTER TABLE `craft_matrixcontent_insidepageelements`
	ADD CONSTRAINT `craft_matrixcontent_insidepageelements_elementId_fk` FOREIGN KEY (`elementId`) REFERENCES `craft_elements` (`id`) ON DELETE CASCADE,
	ADD CONSTRAINT `craft_matrixcontent_insidepageelements_locale_fk` FOREIGN KEY (`locale`) REFERENCES `craft_locales` (`locale`) ON DELETE CASCADE ON UPDATE CASCADE;

--
-- Constraints for table `craft_matrixcontent_sidebarcontent`
--
ALTER TABLE `craft_matrixcontent_sidebarcontent`
	ADD CONSTRAINT `craft_matrixcontent_sidebarcontent_elementId_fk` FOREIGN KEY (`elementId`) REFERENCES `craft_elements` (`id`) ON DELETE CASCADE,
	ADD CONSTRAINT `craft_matrixcontent_sidebarcontent_locale_fk` FOREIGN KEY (`locale`) REFERENCES `craft_locales` (`locale`) ON DELETE CASCADE ON UPDATE CASCADE;

--
-- Constraints for table `craft_matrixcontent_staffdirectory`
--
ALTER TABLE `craft_matrixcontent_staffdirectory`
	ADD CONSTRAINT `craft_matrixcontent_staffdirectory_elementId_fk` FOREIGN KEY (`elementId`) REFERENCES `craft_elements` (`id`) ON DELETE CASCADE,
	ADD CONSTRAINT `craft_matrixcontent_staffdirectory_locale_fk` FOREIGN KEY (`locale`) REFERENCES `craft_locales` (`locale`) ON DELETE CASCADE ON UPDATE CASCADE;

--
-- Constraints for table `craft_migrations`
--
ALTER TABLE `craft_migrations`
	ADD CONSTRAINT `craft_migrations_pluginId_fk` FOREIGN KEY (`pluginId`) REFERENCES `craft_plugins` (`id`) ON DELETE CASCADE;

--
-- Constraints for table `craft_relations`
--
ALTER TABLE `craft_relations`
	ADD CONSTRAINT `craft_relations_fieldId_fk` FOREIGN KEY (`fieldId`) REFERENCES `craft_fields` (`id`) ON DELETE CASCADE,
	ADD CONSTRAINT `craft_relations_sourceId_fk` FOREIGN KEY (`sourceId`) REFERENCES `craft_elements` (`id`) ON DELETE CASCADE,
	ADD CONSTRAINT `craft_relations_sourceLocale_fk` FOREIGN KEY (`sourceLocale`) REFERENCES `craft_locales` (`locale`) ON DELETE CASCADE ON UPDATE CASCADE,
	ADD CONSTRAINT `craft_relations_targetId_fk` FOREIGN KEY (`targetId`) REFERENCES `craft_elements` (`id`) ON DELETE CASCADE;

--
-- Constraints for table `craft_routes`
--
ALTER TABLE `craft_routes`
	ADD CONSTRAINT `craft_routes_locale_fk` FOREIGN KEY (`locale`) REFERENCES `craft_locales` (`locale`) ON DELETE CASCADE ON UPDATE CASCADE;

--
-- Constraints for table `craft_sections`
--
ALTER TABLE `craft_sections`
	ADD CONSTRAINT `craft_sections_structureId_fk` FOREIGN KEY (`structureId`) REFERENCES `craft_structures` (`id`) ON DELETE SET NULL;

--
-- Constraints for table `craft_sections_i18n`
--
ALTER TABLE `craft_sections_i18n`
	ADD CONSTRAINT `craft_sections_i18n_locale_fk` FOREIGN KEY (`locale`) REFERENCES `craft_locales` (`locale`) ON DELETE CASCADE ON UPDATE CASCADE,
	ADD CONSTRAINT `craft_sections_i18n_sectionId_fk` FOREIGN KEY (`sectionId`) REFERENCES `craft_sections` (`id`) ON DELETE CASCADE;

--
-- Constraints for table `craft_sessions`
--
ALTER TABLE `craft_sessions`
	ADD CONSTRAINT `craft_sessions_userId_fk` FOREIGN KEY (`userId`) REFERENCES `craft_users` (`id`) ON DELETE CASCADE;

--
-- Constraints for table `craft_shunnedmessages`
--
ALTER TABLE `craft_shunnedmessages`
	ADD CONSTRAINT `craft_shunnedmessages_userId_fk` FOREIGN KEY (`userId`) REFERENCES `craft_users` (`id`) ON DELETE CASCADE;

--
-- Constraints for table `craft_structureelements`
--
ALTER TABLE `craft_structureelements`
	ADD CONSTRAINT `craft_structureelements_elementId_fk` FOREIGN KEY (`elementId`) REFERENCES `craft_elements` (`id`) ON DELETE CASCADE,
	ADD CONSTRAINT `craft_structureelements_structureId_fk` FOREIGN KEY (`structureId`) REFERENCES `craft_structures` (`id`) ON DELETE CASCADE;

--
-- Constraints for table `craft_taggroups`
--
ALTER TABLE `craft_taggroups`
	ADD CONSTRAINT `craft_taggroups_fieldLayoutId_fk` FOREIGN KEY (`fieldLayoutId`) REFERENCES `craft_fieldlayouts` (`id`) ON DELETE SET NULL;

--
-- Constraints for table `craft_tags`
--
ALTER TABLE `craft_tags`
	ADD CONSTRAINT `craft_tags_groupId_fk` FOREIGN KEY (`groupId`) REFERENCES `craft_taggroups` (`id`) ON DELETE CASCADE,
	ADD CONSTRAINT `craft_tags_id_fk` FOREIGN KEY (`id`) REFERENCES `craft_elements` (`id`) ON DELETE CASCADE;

--
-- Constraints for table `craft_templatecachecriteria`
--
ALTER TABLE `craft_templatecachecriteria`
	ADD CONSTRAINT `craft_templatecachecriteria_cacheId_fk` FOREIGN KEY (`cacheId`) REFERENCES `craft_templatecaches` (`id`) ON DELETE CASCADE;

--
-- Constraints for table `craft_templatecacheelements`
--
ALTER TABLE `craft_templatecacheelements`
	ADD CONSTRAINT `craft_templatecacheelements_cacheId_fk` FOREIGN KEY (`cacheId`) REFERENCES `craft_templatecaches` (`id`) ON DELETE CASCADE,
	ADD CONSTRAINT `craft_templatecacheelements_elementId_fk` FOREIGN KEY (`elementId`) REFERENCES `craft_elements` (`id`) ON DELETE CASCADE;

--
-- Constraints for table `craft_templatecaches`
--
ALTER TABLE `craft_templatecaches`
	ADD CONSTRAINT `craft_templatecaches_locale_fk` FOREIGN KEY (`locale`) REFERENCES `craft_locales` (`locale`) ON DELETE CASCADE ON UPDATE CASCADE;

--
-- Constraints for table `craft_usergroups_users`
--
ALTER TABLE `craft_usergroups_users`
	ADD CONSTRAINT `craft_usergroups_users_groupId_fk` FOREIGN KEY (`groupId`) REFERENCES `craft_usergroups` (`id`) ON DELETE CASCADE,
	ADD CONSTRAINT `craft_usergroups_users_userId_fk` FOREIGN KEY (`userId`) REFERENCES `craft_users` (`id`) ON DELETE CASCADE;

--
-- Constraints for table `craft_userpermissions_usergroups`
--
ALTER TABLE `craft_userpermissions_usergroups`
	ADD CONSTRAINT `craft_userpermissions_usergroups_groupId_fk` FOREIGN KEY (`groupId`) REFERENCES `craft_usergroups` (`id`) ON DELETE CASCADE,
	ADD CONSTRAINT `craft_userpermissions_usergroups_permissionId_fk` FOREIGN KEY (`permissionId`) REFERENCES `craft_userpermissions` (`id`) ON DELETE CASCADE;

--
-- Constraints for table `craft_userpermissions_users`
--
ALTER TABLE `craft_userpermissions_users`
	ADD CONSTRAINT `craft_userpermissions_users_permissionId_fk` FOREIGN KEY (`permissionId`) REFERENCES `craft_userpermissions` (`id`) ON DELETE CASCADE,
	ADD CONSTRAINT `craft_userpermissions_users_userId_fk` FOREIGN KEY (`userId`) REFERENCES `craft_users` (`id`) ON DELETE CASCADE;

--
-- Constraints for table `craft_users`
--
ALTER TABLE `craft_users`
	ADD CONSTRAINT `craft_users_id_fk` FOREIGN KEY (`id`) REFERENCES `craft_elements` (`id`) ON DELETE CASCADE,
	ADD CONSTRAINT `craft_users_preferredLocale_fk` FOREIGN KEY (`preferredLocale`) REFERENCES `craft_locales` (`locale`) ON DELETE SET NULL ON UPDATE CASCADE;

--
-- Constraints for table `craft_widgets`
--
ALTER TABLE `craft_widgets`
	ADD CONSTRAINT `craft_widgets_userId_fk` FOREIGN KEY (`userId`) REFERENCES `craft_users` (`id`) ON DELETE CASCADE;

SET FOREIGN_KEY_CHECKS = 1;
